"email"|"password"
"melodie.van der vlies@edu.tbz.ch"|"bte@SR-unLO23-7D#ssq"
"angele.edgecumbe@edu.tbz.ch"|"2V61p$-AE91WB-gZLoVx"
"zhi.andreasson@edu.tbz.ch"|"0mR0YC-EkLb%m-QBrxy6"
"judicael.koppeck@edu.tbz.ch"|"&NH0FD-#ENA1m-KW3%Q&"
"berengere.capron@edu.tbz.ch"|"oCmQO%-PIjnvu-wbEmw3"
"leonie.brosini@edu.tbz.ch"|"isXzM9-kRUVJz-15bf5M"
"venus.garfit@edu.tbz.ch"|"$m3AJV-wVJwZX-h6uNaH"
"melina.janota@edu.tbz.ch"|"#PZRTP-xVqKP%-CLrVKc"
"laurene.bake@edu.tbz.ch"|"lUfIm4-Le2SX2-o&dcw4"
"regine.dorkins@edu.tbz.ch"|"IX&H6V-y5koG@-GZghMu"
"cecile.moffet@edu.tbz.ch"|"1OKMUL-j7sKaP-xGQ0NN"
"maelann.labrone@edu.tbz.ch"|"GMNXBR-Coi8rs-zvShz@"
"melinda.newbold@edu.tbz.ch"|"xZxRWp-XkRCSO-7yQqAr"
"mans.itzhak@edu.tbz.ch"|"clhYfo-@x99I5-3fjdnf"
"melodie.pattlel@edu.tbz.ch"|"D#OK0Q-RBV00n-hdnXSL"
"celine.bonett@edu.tbz.ch"|"t7wgOv-qIS4ks-WUHQSz"
"adelie.mcgreal@edu.tbz.ch"|"QNCxaN-JsO7%C-up4e$t"
"helene.soldan@edu.tbz.ch"|"gWGyTs-gkhZqW-dcLefz"
"michele.cluer@edu.tbz.ch"|"zP$TeQ-4pGBFz-1PbIo3"
"maeline.mueller@edu.tbz.ch"|"5iMhWb-RiD06S-l1r%dV"
"maelann.benedito@edu.tbz.ch"|"WMLUlF-Ap5w6%-y6TXH4"
"nuo.gransden@edu.tbz.ch"|"LtBHdi-HPkcwo-oC#Lr6"
"berengere.stainton@edu.tbz.ch"|"SW5iiA-4Xx5QU-mViV6F"
"wa.sabater@edu.tbz.ch"|"ftMsQm-Zy6qjT-@D5rMh"
"anais.cochran@edu.tbz.ch"|"ApAoC4-kxZgXU-xey3dX"
"gerald.bessant@edu.tbz.ch"|"QwLtes-cka2Qt-mgs&9#"
"ruo.coffin@edu.tbz.ch"|"6qA078-Uhefta-@QmC4u"
"melodie.mustill@edu.tbz.ch"|"XwazT5-Z1phO3-mj@eL8"
"ruo.stanesby@edu.tbz.ch"|"nVifmK-AqonyD-Ku9#ux"
"noemie.antognelli@edu.tbz.ch"|"kl$KWh-PzX2Lq-QJuAUs"
"maelann.hughson@edu.tbz.ch"|"q%QfkU-qdB@Jw-DN2jON"
"milena.mieville@edu.tbz.ch"|"77YmUt-fTgvxd-Z%JugA"
"mailys.chamberlin@edu.tbz.ch"|"ga1z6i-G7qEQn-2%ldwf"
"nadege.tomalin@edu.tbz.ch"|"zrynX8-6l6Ciu-8MP34x"
"oceane.omara@edu.tbz.ch"|"VfVU86-rlERk$-U&@nS@"
"cecile.aguirrezabala@edu.tbz.ch"|"xnL9xq-I%qp#J-P3bAMM"
"maella.gwillim@edu.tbz.ch"|"VS6W4X-J#$4zC-N5u24S"
"lea.mcgahey@edu.tbz.ch"|"yPe7sJ-F#ajni-HDXS#J"
"laurene.hagerty@edu.tbz.ch"|"Z3QCmz-LjyH&x-RS$z#h"
"dorothee.link@edu.tbz.ch"|"WIJod1-t1J&yb-p41%Du"
"clementine.kynsey@edu.tbz.ch"|"mr1&QA-m&YVAf-SlksvJ"
"lorene.smitherman@edu.tbz.ch"|"@4LXoi-ww7mlb-$tarm7"
"cleopatre.klulicek@edu.tbz.ch"|"G0Z#Z@-H2UlPZ-EflUo8"
"laurene.castaneda@edu.tbz.ch"|"bqVL6a-O$89Xt-gBF0Zb"
"melia.constant@edu.tbz.ch"|"DwmTrD-aVjDvl-W%$y0p"
"lucrece.clunie@edu.tbz.ch"|"BT7oTx-dkOaUj-UofDIG"
"eleonore.mcmurthy@edu.tbz.ch"|"FzaeJY-HSmTWa-#O#NvB"
"melia.bevar@edu.tbz.ch"|"BKl0X8-6lI1zk-jWW99L"
"camelia.bontine@edu.tbz.ch"|"5LyL&r-2bxOZ$-9hqJig"
"methode.jozefczak@edu.tbz.ch"|"a4GZKv-QHFhHv-UqGu2m"
"audreanne.hinsche@edu.tbz.ch"|"aur2wt-UCgX5h-VWiHIb"
"andree.varne@edu.tbz.ch"|"XIwkI5-NqVLC$-kVvPw%"
"marten.kinleyside@edu.tbz.ch"|"hWFu5K-yo%Tqr-IMy091"
"esteve.mcewan@edu.tbz.ch"|"cuJc4b-&ObfLa-tDAlHk"
"leane.dibbert@edu.tbz.ch"|"xNpQIS-rfV3yW-7v&o4k"
"ma.thewlis@edu.tbz.ch"|"Sr3Yce-ob7$5y-Iok6&Q"
"clea.djurkovic@edu.tbz.ch"|"Rs7nXo-FJCw5Y-etT%Hq"
"rachele.reburn@edu.tbz.ch"|"2OOJNt-EFpJ5m-bl3XRG"
"gerald.gowling@edu.tbz.ch"|"2Io&cT-ofHWrV-WAv$d&"
"cleopatre.jackson@edu.tbz.ch"|"WBf1Fk-WaJyvv-8ClWtb"
"desiree.haskins@edu.tbz.ch"|"6aaWVq-MA4EFn-5T5RVh"
"eleonore.longson@edu.tbz.ch"|"jan4bc-r&7LzE-akj9lt"
"leane.dybell@edu.tbz.ch"|"lbteZ4-zJjn45-bwh8o6"
"becassine.grzesiak@edu.tbz.ch"|"G&b4oH-toRNHS-O6sISI"
"marie-josee.pickin@edu.tbz.ch"|"6yRJ#k-dQTL3Z-r6Cltz"
"marie-josee.roxby@edu.tbz.ch"|"5jgWI7-6N8&gw-flOB8e"
"leonie.feenan@edu.tbz.ch"|"vLY0d4-K9qqqr-QoHdSR"
"valerie.ellum@edu.tbz.ch"|"D4H4D$-rn$eMr-fLUqMk"
"ju.caseri@edu.tbz.ch"|"p8hR#2-hvL$3H-NtIxW2"
"boerje.strangman@edu.tbz.ch"|"%wuv4T-&p$nEM-GJ52tX"
"beatrice.ghidelli@edu.tbz.ch"|"MaWE&2-&7F5DP-D%hVIw"
"da.jablonski@edu.tbz.ch"|"CWJpC2-hVDZ7y-0kLylR"
"uo.beveridge@edu.tbz.ch"|"jOD8n5-pSAjgQ-plZm0O"
"valerie.bestman@edu.tbz.ch"|"pwL9Tb-x2oYAG-FrZUvQ"
"marlene.pohls@edu.tbz.ch"|"&#PU%7-$ISB#T-jMIaeL"
"ma.nolda@edu.tbz.ch"|"lIm4GJ-vWqg3L-@VC3I8"
"marlene.bisiker@edu.tbz.ch"|"$yOrbB-4zGZrJ-CtY%ax"
"estee.babon@edu.tbz.ch"|"2K7BGL-hXF%PN-zdI0sK"
"simplifies.dmisek@edu.tbz.ch"|"NTASES-pQ%wbX-0R5hPw"
"selene.ganing@edu.tbz.ch"|"xk0lgp-z1$#TW-Tbf6h2"
"meryl.penke@edu.tbz.ch"|"rIk6af-Trbu0i-hXKzUe"
"anais.rawcliff@edu.tbz.ch"|"KNV#e0-rl15@u-&YR4gP"
"melina.andri@edu.tbz.ch"|"$tSIAW-kN$w3V-XehoCE"
"audreanne.fodden@edu.tbz.ch"|"5gm$sB-HPimYG-Jy4o9p"
"bjoern.spellesy@edu.tbz.ch"|"fzAb5D-lPr4Rc-FF6vGn"
"francoise.summerscales@edu.tbz.ch"|"Gfm37g-cJC6Ya-Cw%iC4"
"laurene.ashtonhurst@edu.tbz.ch"|"3P$uX2-fpnQjB-5Qv8XR"
"valerie.petters@edu.tbz.ch"|"#Bpnil-Ph7u4m-z%ZmsH"
"anael.spenclay@edu.tbz.ch"|"4jKWPX-75@Y4m-kY4Js4"
"stephanie.keech@edu.tbz.ch"|"Nyk#W7-$0jbpp-YV@wdJ"
"ines.deveril@edu.tbz.ch"|"2&kOiC-mXl&3G-ceKazU"
"berenice.gelder@edu.tbz.ch"|"DB$RYx-HC$I@s-BfiH#a"
"melanie.ofogerty@edu.tbz.ch"|"ZG@JY6-H4iaGu-30CiD@"
"frederique.canepe@edu.tbz.ch"|"i&lPDD-1NZ8Hw-8sr5F#"
"nuo.otton@edu.tbz.ch"|"L05Dih-9aiZrq-BzxKQo"
"genevieve.trusler@edu.tbz.ch"|"Skl2dd-Pw5J7x-OAIUd8"
"ju.boag@edu.tbz.ch"|"rdjlSM-ywde87-pTiz6N"
"josephine.di lucia@edu.tbz.ch"|"Zh65dz-T7M8c6-bKm1ej"
"laurene.armsden@edu.tbz.ch"|"PA@q2H-dRDQc0-6FBUn#"
"becassine.griffe@edu.tbz.ch"|"6#cF2b-OC50Ks-pAwJF@"
"alois.parres@edu.tbz.ch"|"o#$%TJ-Hl7hOZ-qCa0zg"
"cleopatre.gaffey@edu.tbz.ch"|"GvXA59-hDHDRd-Ntlfq0"
"andre.stiger@edu.tbz.ch"|"YfI7aF-bEBFO$-Pmje5E"
"beatrice.godleman@edu.tbz.ch"|"o7cV$B-5hDyHT-Vy6RT7"
"hakan.harrhy@edu.tbz.ch"|"CJ7uXY-@NMQ51-EIjrLY"
"celestine.dagnan@edu.tbz.ch"|"nc#T1Q-o5dXV&-Fnx81u"
"clemence.haggart@edu.tbz.ch"|"P2Ys7y-gNSF$E-5a#n9Q"
"long.caban@edu.tbz.ch"|"serLWi-WtE&Kd-hGhHK7"
"gaetane.grimble@edu.tbz.ch"|"9ZxCab-BUjatz-eK6Jf$"
"maelann.piwall@edu.tbz.ch"|"j45pj$-BSOHnt-jV4Iqi"
"magdalene.loble@edu.tbz.ch"|"fJi&Jn-tWp$@2-BcSh4z"
"veronique.domaschke@edu.tbz.ch"|"Nx&MPn-$5bAWa-ahvqYt"
"clea.herity@edu.tbz.ch"|"$Ck&CC-ylYA%D-y$yf%%"
"maelann.bambrough@edu.tbz.ch"|"P5VT5j-J7QGrz-&nJZD6"
"clea.goulstone@edu.tbz.ch"|"hIfrcc-9hfrMn-LNKufS"
"renee.de leek@edu.tbz.ch"|"7PWotH-uU3AKQ-&VY&&L"
"boerje.rudderham@edu.tbz.ch"|"Fs2DwV-#z&MTD-j#AfzV"
"marylene.broune@edu.tbz.ch"|"vnyUkP-PGhIcO-GLDGHw"
"nadege.mccuish@edu.tbz.ch"|"rQRuxN-cbOC$z-hkGdLu"
"anael.littleover@edu.tbz.ch"|"UoMRpM-xqE8Jk-PAUte&"
"lie.baume@edu.tbz.ch"|"G@J8k5-HntHC&-mj&reF"
"maella.murrow@edu.tbz.ch"|"gQ@2HR-Yehn8j-VV2lip"
"cleopatre.pettifor@edu.tbz.ch"|"gqCvib-GXS1nS-hzmyrs"
"geraldine.asker@edu.tbz.ch"|"z%kAvB-FPWp61-Jt5AmO"
"gaetane.smedmore@edu.tbz.ch"|"geiVUd-1ZNVhC-@J%fAD"
"meryl.blencoe@edu.tbz.ch"|"1%wMif-#Ij7LK-CYe%Mg"
"aurelie.chastaing@edu.tbz.ch"|"ApgDEJ-EayP%5-eGdEjx"
"oceanne.marthen@edu.tbz.ch"|"t8DPHN-3pTrTc-&NKCPc"
"dorothee.burrill@edu.tbz.ch"|"kn$frZ-uW6jgb-b4ng#4"
"hakan.belden@edu.tbz.ch"|"4FX5AU-X8yvRq-IVT3#9"
"celine.brunning@edu.tbz.ch"|"vlQOMF-fcgfgQ-7pf#rB"
"anael.lapides@edu.tbz.ch"|"jHz6$g-#mNvfz-zKzjzA"
"ruo.saffran@edu.tbz.ch"|"%4vpGq-FPBSF4-wi$3su"
"loic.gerretsen@edu.tbz.ch"|"5e3EYW-mUJ2FS-Z#%zRq"
"rui.fitzer@edu.tbz.ch"|"YvCq1$-8ln9X8-jZM&64"
"annotee.ogers@edu.tbz.ch"|"#tS5mg-mjS9cn-fvx42&"
"boerje.bindin@edu.tbz.ch"|"j&jN1l-Nd1CqG-TTDxA6"
"ma.cronchey@edu.tbz.ch"|"ECAGo&-yJ50aH-u91vjx"
"laurelie.baiyle@edu.tbz.ch"|"IU4hDK-MTotJy-IJIVXP"
"dorothee.older@edu.tbz.ch"|"pIcYPd-w6oPts-7&GAS5"
"laurena.wile@edu.tbz.ch"|"2INH3Z-RJlktd-paNCQQ"
"clemence.brito@edu.tbz.ch"|"X73aZv-0h@J@V-p7WYOl"
"nadege.dallin@edu.tbz.ch"|"ujlZ5o-5o2gZV-g5$tlV"
"mailis.matley@edu.tbz.ch"|"UibOT5-h2IDay-04HRm0"
"daniele.screaton@edu.tbz.ch"|"fss4sJ-GfS&0Y-q#agiZ"
"mediamass.godly@edu.tbz.ch"|"0LpVS1-jqVAKn-GfWGxU"
"leone.kremer@edu.tbz.ch"|"BCWere-WFTVZh-y4jifQ"
"asa.adrian@edu.tbz.ch"|"W19YjC-fdAanb-h&kf87"
"adele.doley@edu.tbz.ch"|"9O5c6A-Dy4ydr-b1gs#z"
"fei.sidney@edu.tbz.ch"|"k3ZIc7-sHSVUs-Dba4wW"
"marie-josee.walisiak@edu.tbz.ch"|"DH1QDW-k919F7-m9%#vx"
"desiree.diplock@edu.tbz.ch"|"UZZk6y-OH1h2F-T76N1$"
"gisele.schust@edu.tbz.ch"|"xIajzh-l93Tr%-Jiz@yf"
"ma.longshaw@edu.tbz.ch"|"Wh9IIU-RfJXit-txCr9K"
"da.boother@edu.tbz.ch"|"sSl1YK-5FgJmB-vqlAeX"
"simplifies.chaudhry@edu.tbz.ch"|"oM#OCg-ZqSCAa-rtlIE6"
"garcon.baniard@edu.tbz.ch"|"w5pJzh-dAmN73-A8xbZE"
"gaetane.elphee@edu.tbz.ch"|"wOu76F-2lELZR-iY5QHS"
"gisele.hassey@edu.tbz.ch"|"bs4tL%-lnNyOs-Y7FT@H"
"oceanne.booley@edu.tbz.ch"|"PIwQGA-XoZBfC-qn3&36"
"oerjan.dibden@edu.tbz.ch"|"wAAv$B-CoOvmi-V#VJJ3"
"regine.ocleary@edu.tbz.ch"|"CzfxOu-O##RrN-O35gmW"
"selene.persse@edu.tbz.ch"|"&yauY#-B%uk8w-AIF69V"
"helena.adenot@edu.tbz.ch"|"tHTLQ5-ANAdhe-WDT7Xk"
"maelann.wassung@edu.tbz.ch"|"Org7bU-wKUZ5A-#sV$Pn"
"frederique.ackermann@edu.tbz.ch"|"bNs#iK-mLVqIY-kznTIu"
"audreanne.kahen@edu.tbz.ch"|"ts3#aO-vUl4pb-Nt0MIs"
"maiwenn.lasty@edu.tbz.ch"|"pmUV1W-Cp4k0P-j28Rb&"
"yu.dictus@edu.tbz.ch"|"wlylGW-cTcZUJ-hUwq#O"
"anae.dukes@edu.tbz.ch"|"6O&gVJ-2b9aoi-Pb@rel"
"yenora.warr@edu.tbz.ch"|"Aqes#Z-%a7Wnx-#5maC0"
"esbjoern.archibold@edu.tbz.ch"|"F#CVcL-pIsZgD-ekogq3"
"milena.pardal@edu.tbz.ch"|"K3%zcU-0XbHP9-ygt4BL"
"celestine.graveston@edu.tbz.ch"|"@5XeoS-tFSIG9-PjChrm"
"maena.dallas@edu.tbz.ch"|"48q$We-QHfIHm-DGmvgt"
"andree.tuke@edu.tbz.ch"|"xk0p9J-voBqy4-UqA72M"
"methode.seldner@edu.tbz.ch"|"t61AH$-@CvgKk-XCzFxn"
"venus.bullas@edu.tbz.ch"|"ugSCzs-NcH6c9-J6wywb"
"mans.aguirrezabal@edu.tbz.ch"|"9RoKZm-F7J0By-n$vg%2"
"gaelle.eadington@edu.tbz.ch"|"WsnC8k-7aj#O0-npJ$8D"
"anaelle.falkner@edu.tbz.ch"|"eH64nq-GJpJcI-N0fL1i"
"ophelie.height@edu.tbz.ch"|"C&#AiR-$IJlyW-UElszN"
"marten.bolding@edu.tbz.ch"|"0V7GNv-d9SWMI-UXw#Zn"
"pelagie.guswell@edu.tbz.ch"|"huAbYR-fom6Ld-fDB07I"
"gwenaelle.lecount@edu.tbz.ch"|"u326Sf-SGsaGH-G6Ssc$"
"hakan.laden@edu.tbz.ch"|"J2IX3c-ZGpE3i-Wy5R5e"
"marie-josee.hylands@edu.tbz.ch"|"FoZ@1I-OO4SM%-UPx%8#"
"zoe.kingshott@edu.tbz.ch"|"ml0Kxp-bavrBj-rkO#Ew"
"josee.janous@edu.tbz.ch"|"SXZjm6-4@oFQA-yyjwNp"
"laurene.gallally@edu.tbz.ch"|"hm$$q5-SH6QFP-uXOozz"
"anael.bickle@edu.tbz.ch"|"wUf20%-277X3G-Q9lE5y"
"mediamass.lebbern@edu.tbz.ch"|"CXUekm-kbr6R1-ntA&U1"
"berengere.hovy@edu.tbz.ch"|"Bo7umA-HgzrWp-StOH2d"
"oerjan.kilmurray@edu.tbz.ch"|"JBdXn9-RrK74c-79udP%"
"asloeg.venny@edu.tbz.ch"|"rws8cE-RB#buQ-J5EVJo"
"marie-noel.stoad@edu.tbz.ch"|"9boMpW-%j9eVU-EkQ$m&"
"hakan.pettifor@edu.tbz.ch"|"htirvt-9Wrx@T-zm@316"
"maella.willgrass@edu.tbz.ch"|"oqDOhd-yZhpdT-D5&NwS"
"therese.ludovici@edu.tbz.ch"|"kWbJUZ-X@12eB-IFnH@1"
"stephanie.trewhitt@edu.tbz.ch"|"Rnk96b-trCF&d-hNLbvQ"
"maerta.bauduccio@edu.tbz.ch"|"qX@dtN-lf0iEq-$@YO6R"
"gaetane.glaisner@edu.tbz.ch"|"XgP0eS-DOZxbG-V@NzvJ"
"naeva.pargeter@edu.tbz.ch"|"rhPuBn-j6tUZv-xBY3SN"
"salome.venable@edu.tbz.ch"|"zGvqPb-WRKuk#-8aSM3G"
"boerje.thickett@edu.tbz.ch"|"%6A5tV-fZQPRP-Cx4ZJb"
"lucrece.prendergrass@edu.tbz.ch"|"vsSXWi-i1G&Be-COc4tc"
"laurene.ockleshaw@edu.tbz.ch"|"Wjx1ml-U9n6yO-UiN%Rl"
"cecilia.pasticznyk@edu.tbz.ch"|"$Blwtm-g$J4oF-Y71nf&"
"stevina.mackey@edu.tbz.ch"|"$%xyBy-g@#N3P-aTzLb#"
"marie-noel.reven@edu.tbz.ch"|"EbwW8Q-SAvwDH-6j0fnP"
"melina.quilkin@edu.tbz.ch"|"xvKsSk-4O0@X7-@SxO2T"
"marie-noel.ferrie@edu.tbz.ch"|"n0wwXO-86rPj3-dY8iIu"
"leone.alphege@edu.tbz.ch"|"TWq6u$-b@xOoR-wT#BFO"
"zoe.leverson@edu.tbz.ch"|"miY@8w-Wc$Xij-0fFL9#"
"annotes.grayne@edu.tbz.ch"|"ZvfuZR-5b03XO-Le6bq5"
"faites.lalley@edu.tbz.ch"|"I1FWl@-FZO#9H-VT3$5a"
"adele.wallis@edu.tbz.ch"|"t6O#Dw-JD$IAo-@ef$Yl"
"severine.madill@edu.tbz.ch"|"@S9zGn-Btx#zE-vtRfJM"
"valerie.tebb@edu.tbz.ch"|"jq#vrr-9LznJz-OK&mTI"
"kalliste.rasper@edu.tbz.ch"|"773kkZ-pe7t$0-1Qi9Ri"
"audreanne.palomba@edu.tbz.ch"|"Zy1E3L-cBJk@7-8RkI2C"
"elea.adamik@edu.tbz.ch"|"26e3VX-SmwJKF-NccmPU"
"reserves.jakuszewski@edu.tbz.ch"|"EntZZi-cm$7Tc-$KI5#C"
"athena.belhomme@edu.tbz.ch"|"8jJ3S5-@#3Hgd-v5o0Y0"
"rebecca.crippin@edu.tbz.ch"|"i4Oraz-Bu3$4n-KF63VX"
"maiwenn.curman@edu.tbz.ch"|"NQ9de1-%DGwV3-IagxFB"
"andree.bunner@edu.tbz.ch"|"4HPBMd-tTPqm6-cO$@h@"
"ruo.winckles@edu.tbz.ch"|"IjjR9K-y0ZQ36-ZvbJPK"
"naeva.buntine@edu.tbz.ch"|"JnING&-ROO2Fh-&gq5nd"
"boerje.dollard@edu.tbz.ch"|"2TjyYs-kolopW-n4Ol5V"
"penelope.gorman@edu.tbz.ch"|"@zJp#M-$gq@U8-sHPTKq"
"alois.robelin@edu.tbz.ch"|"3kekks-R6zk9F-hD&7NW"
"anaelle.tindle@edu.tbz.ch"|"g0Bl9z-sR@CJs-l$LXlF"
"ye.frears@edu.tbz.ch"|"n#eRvj-gLcx4D-RT5hH8"
"andree.ovid@edu.tbz.ch"|"QpWRCi-MmPE0k-Xs27&u"
"hakan.peat@edu.tbz.ch"|"yX8&PO-yx@Sat-g$xM7I"
"andre.januszewski@edu.tbz.ch"|"yKkl27-L7TGBq-op2gUi"
"annotes.clemmett@edu.tbz.ch"|"2H#j74-LXdJRF-rT#UKq"
"pal.lambswood@edu.tbz.ch"|"2bDLh4-D%E6mE-DvLxPn"
"yao.lenton@edu.tbz.ch"|"LTv#&6-81ByfX-Jlj36V"
"hakan.boyton@edu.tbz.ch"|"&y$K0o-WcsyRD-X6zIAD"
"nelie.forsey@edu.tbz.ch"|"QXh$40-@&BMbA-Y#gv5Z"
"hakan.horche@edu.tbz.ch"|"$mXEGB-rnInKR-L1Vpvy"
"lorene.sinkings@edu.tbz.ch"|"J0eNnM-gZEdx0-o5qZul"
"marie-therese.creddon@edu.tbz.ch"|"uUUIAG-xu5DUa-5kd$Wu"
"berenice.tolworthy@edu.tbz.ch"|"MlTN5Y-JU3SUj-#RNy@G"
"theresa.land@edu.tbz.ch"|"yRJkQN-6jjg#q-D1MWaC"
"marie-therese.gianilli@edu.tbz.ch"|"jRDQGF-LPU&mw-e0dlLm"
"meryl.glew@edu.tbz.ch"|"EPkHqN-j#qcbA-k$LtDR"
"adele.debling@edu.tbz.ch"|"olnn3a-Xk1nMp-j7dpQy"
"anae.metzke@edu.tbz.ch"|"Y14BUF-K%UMqw-Y&h64t"
"gaetane.gooden@edu.tbz.ch"|"cl9ZiX-py94Wl-#TSkiw"
"laila.bootland@edu.tbz.ch"|"FJChxN-YU#tvq-Gy5gd8"
"maite.helsdon@edu.tbz.ch"|"MAbzw&-M$D&Ob-0@8Pbl"
"andree.malley@edu.tbz.ch"|"9psVvJ-sj1VpG-tyOkyh"
"pal.simmens@edu.tbz.ch"|"atjAFK-DvLWFk-TKC28K"
"maelys.nuccitelli@edu.tbz.ch"|"BsUpgA-rAzRLo-e576rf"
"dafnee.sibary@edu.tbz.ch"|"Hf0&GW-um43Gg-5%ZYJL"
"alois.harsnep@edu.tbz.ch"|"R#cpGu-ZPX6%X-6$h9G8"
"marie-helene.lacky@edu.tbz.ch"|"sr2Pr1-dPN7u%-EA@ydq"
"mylene.youthed@edu.tbz.ch"|"Scy9YS-7qv3#J-0GxVfT"
"marie-helene.dehmel@edu.tbz.ch"|"ONdAcq-WEha1&-TRQ%Xi"
"angele.batman@edu.tbz.ch"|"gn%Aba-M&pm@k-cc@VP%"
"melia.younghusband@edu.tbz.ch"|"KPNbto-w@kgUh-jrwEt8"
"eloise.baldi@edu.tbz.ch"|"aMc9rH-AWQc8l-PPi0@1"
"illustree.dun@edu.tbz.ch"|"&6DEul-wyR1qe-YP0#7Y"
"genevieve.late@edu.tbz.ch"|"l3Fbks-$5keea-&u4vTZ"
"celestine.colville@edu.tbz.ch"|"82wQmj-bz1Uqq-h7iEb%"
"gwenaelle.scarlon@edu.tbz.ch"|"Tqof$T-lt9RVl-@WQaac"
"regine.boddie@edu.tbz.ch"|"60DcY0-doUE6U-R95Ugo"
"creez.gaughan@edu.tbz.ch"|"lmEug4-27j##Q-0FqlU&"
"gaia.longford@edu.tbz.ch"|"rNTKUL-VAKA&@-jwtrtq"
"mailis.buckby@edu.tbz.ch"|"GFrh$%-rCAI6j-07sFcH"
"song.parbrook@edu.tbz.ch"|"8SPEM5-c4R&FG-5uHPeJ"
"frederique.heddan@edu.tbz.ch"|"Cnfxyu-01gg4w-WahrlN"
"ake.kirtlan@edu.tbz.ch"|"a08uAk-pb5t$T-37Cbl%"
"nelie.runciman@edu.tbz.ch"|"PYLZQG-Bclh4H-G9dtXt"
"mailis.cardnell@edu.tbz.ch"|"oWFZvp-L929q9-t5L2OE"
"irene.navarro@edu.tbz.ch"|"kLA6&5-h#A4GA-AXd3y8"
"maite.cough@edu.tbz.ch"|"Qqd142-Rq#Rv3-sF5cgo"
"anaelle.stocky@edu.tbz.ch"|"UJ#OXu-aJN&c8-pc&h9N"
"methode.moulder@edu.tbz.ch"|"LQHJUV-3ot32N-YC321G"
"po.stafford@edu.tbz.ch"|"QFUJjw-RONqYh-cJu4be"
"faites.scraggs@edu.tbz.ch"|"Yz9Htu-wSHgo@-x$II$I"
"adelaide.dullard@edu.tbz.ch"|"qDPkGs-p&I5Uv-#@U%dB"
"desiree.leonard@edu.tbz.ch"|"JPs0Zp-BOUsW2-F9UWhM"
"geraldine.badgers@edu.tbz.ch"|"KzEP4W-@4DUam-ZbvD4l"
"ruo.masic@edu.tbz.ch"|"MMF10M-DOW%z@-fCh5Aw"
"aurelie.lieber@edu.tbz.ch"|"4LD1lZ-UPXu67-5RjqUM"
"naelle.balcock@edu.tbz.ch"|"nQGu&U-1eWQtT-$DmwVK"
"camelia.elger@edu.tbz.ch"|"ds$KSc-iOVNA4-pIvcX2"
"publicite.oakeshott@edu.tbz.ch"|"RoS5lz-9Ef6K&-ZMfcTd"
"cleopatre.fawley@edu.tbz.ch"|"&qatkX-OP%@Ec-EBnxy8"
"laurene.bruckmann@edu.tbz.ch"|"uCF4r#-P8UJDp-rSZtgp"
"rui.haughton@edu.tbz.ch"|"4NJ6PP-oPWerD-ltT1yY"
"asa.ladewig@edu.tbz.ch"|"dLpO3u-42uMp7-bos7sN"
"gisele.janecek@edu.tbz.ch"|"YlWFvY-5qW$Uc-3AAspU"
"maily.loveridge@edu.tbz.ch"|"4s166%-nf6SVp-ywOQgp"
"marie-eve.yurkiewicz@edu.tbz.ch"|"dOlHZy-Z9neKP-cCDzRi"
"fei.roder@edu.tbz.ch"|"wCBMd$-Kt0DDr-@iADeT"
"edmee.chatburn@edu.tbz.ch"|"oZ%jcg-aRKkbE-Vi&46H"
"geraldine.darke@edu.tbz.ch"|"Ah5a28-upySB$-HptL2h"
"ye.jira@edu.tbz.ch"|"t&WiHr-sSTfWW-ejof$T"
"publicite.persent@edu.tbz.ch"|"Flgc1R-%RVNaU-1nVKv1"
"severine.wilcox@edu.tbz.ch"|"HBWQoi-0ZHY@N-ocjsj7"
"yao.mcclaren@edu.tbz.ch"|"o6Motg-7OE8@5-xALYve"
"theresa.foynes@edu.tbz.ch"|"tED&7Q-oTTdjm-uU8tBU"
"stephanie.isley@edu.tbz.ch"|"v3w1cR-QmGwjC-mPoTTt"
"torbjoern.growy@edu.tbz.ch"|"P1K8AJ-1N12nU-u&0fZD"
"eloise.tunnadine@edu.tbz.ch"|"0K@V87-wZefTQ-9wR%Jd"
"maeline.cossentine@edu.tbz.ch"|"xTBeqA-tghzUF-lqpGDs"
"nelie.de santos@edu.tbz.ch"|"Nfpc7z-56F@Sh-i90VPs"
"gaetane.axston@edu.tbz.ch"|"No$9fj-UA34XG-wPLVGF"
"aimee.merman@edu.tbz.ch"|"RdLBAF-mi9JtS-T4W@Iy"
"oerjan.drivers@edu.tbz.ch"|"61K%eb-17cP0C-EwHrGd"
"aimee.miroy@edu.tbz.ch"|"$VFIsn-AKMAlZ-8j3ig6"
"nelie.glyde@edu.tbz.ch"|"6MIbLL-RC9@2A-lIO5JG"
"hakan.kapelhof@edu.tbz.ch"|"y59FgJ-2IVEOY-1Cq2Wt"
"maelyss.cauley@edu.tbz.ch"|"bRLYXb-&2HuCS-FLGhQy"
"elea.vaggs@edu.tbz.ch"|"HcWJNx-EafAgS-G9RQxp"
"maelys.but@edu.tbz.ch"|"%%qDAg-TF5HsA-h5GtQ7"
"maella.arthurs@edu.tbz.ch"|"cQ%nKp-9Xsoyz-l7nZNy"
"adele.liebrecht@edu.tbz.ch"|"rRuX20-q%wRv9-Dw6htm"
"meline.lomasny@edu.tbz.ch"|"6raw9p-rU9uwX-SoECvR"
"mediamass.schwant@edu.tbz.ch"|"g@40P&-nIKp0x-D1RBo$"
"leone.saunt@edu.tbz.ch"|"mVNi8J-VgMo2H-fcEAc%"
"annotes.gouch@edu.tbz.ch"|"k8mv4T-bMKcyP-Pw67wt"
"gaetane.bowich@edu.tbz.ch"|"WhJrgA-E7xPOv-9d$69d"
"alizee.strelitzki@edu.tbz.ch"|"gGzFCz-$0Rg6c-6l2pCg"
"leone.poile@edu.tbz.ch"|"Hwfiow-5Irn%Y-NjXexB"
"amelie.saban@edu.tbz.ch"|"VDSvNn-ak2Yew-&OiHe8"
"marten.mc menamin@edu.tbz.ch"|"sL%ZwA-NZbBwB-gsa7@c"
"becassine.keets@edu.tbz.ch"|"Cp2fpo-I$%I2L-F7KVYt"
"celine.million@edu.tbz.ch"|"T@#hwy-OOa6Vs-fn9FbR"
"geraldine.belitz@edu.tbz.ch"|"bPXJRn-kqX9zO-EDoMj8"
"salome.mardling@edu.tbz.ch"|"5slF4X-tvnFfp-MQgDK0"
"melia.blakemore@edu.tbz.ch"|"bpaWZt-FmtUP3-9lR$n@"
"dafnee.mcaulay@edu.tbz.ch"|"jvkkgJ-Iw2VGm-8ssv8f"
"garcon.dennett@edu.tbz.ch"|"LqVTuI-C3RD7c-A1FKgG"
"interessant.lesor@edu.tbz.ch"|"Ry1&Z1-trAMEI-nH9abk"
"annotee.wasbrough@edu.tbz.ch"|"d5MTpF-jFvG0V-8bDNKu"
"asa.ibbeson@edu.tbz.ch"|"syctqP-5MBgz5-mWMNhg"
"maily.kennealy@edu.tbz.ch"|"L$MXEf-qHNXmU-Kfs5J6"
"ye.seares@edu.tbz.ch"|"PIAzGZ-yk%Pjk-i1Cyns"
"athena.harbron@edu.tbz.ch"|"E&uGMQ-saypO7-mGUSsW"
"andreanne.portail@edu.tbz.ch"|"IFljiN-uzJfE&-yx9hGC"
"goeran.zannelli@edu.tbz.ch"|"Ub9KIU-aCX3bM-@zLWr@"
"gerald.leathlay@edu.tbz.ch"|"xy&GDU-FY$2gw-bV0ro9"
"andreanne.chown@edu.tbz.ch"|"MrNEoD-P1E6gO-Y6AbwE"
"esteve.clementel@edu.tbz.ch"|"TpF1Eg-m8S3nD-8jR&9a"
"leone.legan@edu.tbz.ch"|"vjOWdn-IBlh@V-@p@z%3"
"maena.pownall@edu.tbz.ch"|"8Rqy2c-VWlH10-Bhdb9J"
"andree.rettie@edu.tbz.ch"|"Fxw0Lk-je$C#g-AMMZmf"
"ines.kenwrick@edu.tbz.ch"|"ZJ$pZI-rK3ys0-Q1vcc$"
"marie-helene.yarnall@edu.tbz.ch"|"rGZgyl-xWFqp1-nHGXOe"
"po.martin@edu.tbz.ch"|"IBMpw&-@0kvCZ-t5kROE"
"ruo.celiz@edu.tbz.ch"|"N74Nbj-NXA$cu-%6Vher"
"po.bissett@edu.tbz.ch"|"Qt1b8C-Zn6NF7-MXHyKc"
"du.swindon@edu.tbz.ch"|"%k0t7B-%h#n2u-t1PcJO"
"interessant.gouldthorp@edu.tbz.ch"|"vzTme%-WA53bI-pK03xs"
"leandre.lilburn@edu.tbz.ch"|"I@wO9O-#B#h%t-SK#WaY"
"bjoern.whales@edu.tbz.ch"|"VxaL8A-8w2vM$-c5rZBC"
"interessant.dieton@edu.tbz.ch"|"4te@Jz-nBxcdG-7Sk3jS"
"celestine.redhills@edu.tbz.ch"|"MCo&Lg-OuG1jz-GqhL$l"
"tan.yakovlev@edu.tbz.ch"|"7fGA#$-e7Lbec-b%TYQl"
"regine.mcdowell@edu.tbz.ch"|"px4YZ1-2UEGXY-vfdVr5"
"ju.coysh@edu.tbz.ch"|"BvdOjz-xX@%6J-x4%le8"
"reserves.ofallon@edu.tbz.ch"|"TP82A%-L8P3gL-1smEUK"
"frederique.sobey@edu.tbz.ch"|"hq27jn-U0HCf4-rdbEBb"
"marie-eve.garstang@edu.tbz.ch"|"okMM#2-IY2nMa-SLI%6R"
"andre.tapin@edu.tbz.ch"|"V#lS9w-RY&@bj-I0IX6E"
"esbjoern.eynon@edu.tbz.ch"|"mbXEeC-2iyFO8-CUB1Ch"
"maella.duffy@edu.tbz.ch"|"1FGarL-SRJlvi-D%h@7e"
"leandre.twinning@edu.tbz.ch"|"6M2RBV-EC4yyz-lyzTG5"
"mai.whittingham@edu.tbz.ch"|"xtI9&2-Pd%4hD-tz#3IA"
"rachele.shevelin@edu.tbz.ch"|"#&RteL-pevgxo-yT4JY1"
"cecile.mcure@edu.tbz.ch"|"2moJrd-yvpnBS-YD9&Be"
"marie-eve.yurkevich@edu.tbz.ch"|"ISl6VJ-COyAPp-15NrZ8"
"almerinda.paice@edu.tbz.ch"|"N0BQKT-0BR5##-KWTF#W"
"rao.howkins@edu.tbz.ch"|"IKoK0F-dh@jtP-jR50xl"
"serena.pack@edu.tbz.ch"|"$y4fja-PrhR%i-AOi#QO"
"rebecca.mant@edu.tbz.ch"|"6WVn0D-GkF#TV-T@9@W@"
"reserves.spitell@edu.tbz.ch"|"7ZRZhb-3TbHkF-SaZoq%"
"garcon.hamfleet@edu.tbz.ch"|"N9MMe%-vwigaj-Kt2cFu"
"methode.kerkham@edu.tbz.ch"|"AMmkxK-@yPkD&-d3oiAY"
"pelagie.camies@edu.tbz.ch"|"$GDCjZ-%jALKr-YMi2ST"
"josephine.macpharlain@edu.tbz.ch"|"C5MS86-83LdJn-UWpWpF"
"eugenie.mathet@edu.tbz.ch"|"LX1NQh-7RkqV$-cH6leo"
"gaetane.brangan@edu.tbz.ch"|"B36S0t-HOQqB5-tOf0AN"
"michele.dewbury@edu.tbz.ch"|"rRbMpR-cj$4we-erexi0"
"eugenie.elcott@edu.tbz.ch"|"ItL4%X-efD7$Y-IxpyXW"
"megane.harniman@edu.tbz.ch"|"A%st7P-LmtiES-IF7vSs"
"agnes.cluney@edu.tbz.ch"|"9qOt1Y-62Uuqf-5TzlW%"
"marie-helene.angear@edu.tbz.ch"|"g$pR5j-HQVigu-4DL@Y2"
"melia.dolphin@edu.tbz.ch"|"Y&vfeq-dPBunM-8G2p2T"
"lois.ruseworth@edu.tbz.ch"|"#zPWSL-tt8ZpN-xaymhf"
"mailys.ryding@edu.tbz.ch"|"S0Kzu3-Jw4$%k-zADp&3"
"rachele.wulfinger@edu.tbz.ch"|"1eAVuz-#fj4Q8-&kyx1k"
"gwenaelle.talton@edu.tbz.ch"|"C5b9B@-AHN7is-4sI%&1"
"long.ronchetti@edu.tbz.ch"|"nY5g0i-l8HFwU-1KDd@r"
"styrbjoern.kloska@edu.tbz.ch"|"uNxnI0-J9PmW4-gHfcG9"
"len.sudran@edu.tbz.ch"|"AZkoZs-hGEo12-iT92k6"
"maelle.andrysek@edu.tbz.ch"|"zgHouT-bS2vuU-feK8av"
"selene.senior@edu.tbz.ch"|"18as0k-A#h9SD-wAKHsu"
"anais.joskovitch@edu.tbz.ch"|"suJ10T-pcCWhZ-1Bp454"
"marie-noel.dally@edu.tbz.ch"|"rSZm0D-GSHZgU-sFe#1%"
"marie-helene.laurence@edu.tbz.ch"|"vfCOHN-4RXWc9-oACVTi"
"camelia.foxon@edu.tbz.ch"|"Dad$@J-jeM40E-1jR886"
"helene.cankett@edu.tbz.ch"|"BZp$UP-ju9%5r-$U59m#"
"marten.mitchelson@edu.tbz.ch"|"bXio73-JzWZKK-VgZxmc"
"helena.stirtle@edu.tbz.ch"|"4Q0jWG-v2e8Ys-xSiS7g"
"leane.barmby@edu.tbz.ch"|"2Tn9g7-7$pvHj-&vuDld"
"goeran.ofinan@edu.tbz.ch"|"RW@kzK-G0rL5e-T5hvVk"
"styrbjoern.proby@edu.tbz.ch"|"uh%wII-#nAOOu-wiQfh&"
"zoe.halse@edu.tbz.ch"|"hhVTzG-spMerW-MHTztf"
"kui.drable@edu.tbz.ch"|"zBW4ga-qCpjxS-XTRe0&"
"desiree.bamford@edu.tbz.ch"|"kgKbT1-ziReW&-ZpO6g5"
"zoe.suller@edu.tbz.ch"|"6wW@wX-T9I%&2-wETrbf"
"marylene.audiss@edu.tbz.ch"|"LEjsaA-Sz7Zng-#8kRh7"
"adelaide.poznanski@edu.tbz.ch"|"#8jxWg-c7prIS-XpiA8c"
"maella.coleyshaw@edu.tbz.ch"|"lEhVSe-u1y%Sd-V2as%v"
"marie-francoise.gelder@edu.tbz.ch"|"X5RWEi-yX%8Lt-yY%Ywt"
"eleonore.chaffyn@edu.tbz.ch"|"g@RD@h-$pNbXD-BuVmKq"
"celestine.sikorsky@edu.tbz.ch"|"ENSLJ3-GLyT4Q-ydNVcR"
"stevina.londsdale@edu.tbz.ch"|"6wfEMh-kacGVy-zdKkQ3"
"maiwenn.nevitt@edu.tbz.ch"|"vl1u&k-JNKXYo-BH%KjE"
"magdalene.gerrey@edu.tbz.ch"|"aYRte#-aInPcF-DAAKsx"
"becassine.latimer@edu.tbz.ch"|"zCln5s-enb2Fz-5rbpjz"
"da.lethibridge@edu.tbz.ch"|"bFI6My-y3VhDM-erw7B&"
"mailys.claige@edu.tbz.ch"|"Y&nyCX-MHbgbP-z&7JVw"
"maena.torbard@edu.tbz.ch"|"fCCb#R-2qmdps-MiJxd9"
"solene.lyvon@edu.tbz.ch"|"Q36cRp-lk6Vr2-D8Ng1B"
"marie-therese.benbrick@edu.tbz.ch"|"W5aF51-R2CfkL-kzRglY"
"gerald.edmonson@edu.tbz.ch"|"caIjba-TKj@0k-AkWREV"
"ake.messruther@edu.tbz.ch"|"29#HB0-6k56aJ-hx&UFP"
"men.gosneye@edu.tbz.ch"|"SZ11tJ-rrEnWh-t%5NV0"
"anais.jefferys@edu.tbz.ch"|"XwU9IR-CBEHQA-7DJEkt"
"publicite.tregale@edu.tbz.ch"|"CZorWT-55a3z$-wipd@G"
"maily.santorini@edu.tbz.ch"|"8@5#L0-Xzz$0I-$Zdhnx"
"ines.pioch@edu.tbz.ch"|"YWOYzQ-nWbOql-apsco4"
"noemie.marklew@edu.tbz.ch"|"WztiM8-O6@K34-%GL$Sb"
"meghane.maccaffrey@edu.tbz.ch"|"dptXs8-&nhMz9-caAR30"
"berangere.ambrogio@edu.tbz.ch"|"Ih0o8I-R5@u%t-NZkbcv"
"mediamass.ryce@edu.tbz.ch"|"8KRCIP-9iy1HI-JNOP3b"
"oesten.ubank@edu.tbz.ch"|"MngDtc-OARyNO-53V0N#"
"melina.mackee@edu.tbz.ch"|"cyS#R2-ZPSdIj-%Vmd@#"
"theresa.livezey@edu.tbz.ch"|"R5MLqa-Ssenh4-QQJ$ke"
"clemence.weal@edu.tbz.ch"|"vWf21v-b8hzzZ-$PWesw"
"faites.overton@edu.tbz.ch"|"QaqwUp-xHKKCy-Wmqgl6"
"clea.lindblad@edu.tbz.ch"|"AyZlo@-kQuJ7I-P%rN&v"
"josephine.roseaman@edu.tbz.ch"|"SG5rri-WPWI7x-ZQvnOl"
"oesten.lowbridge@edu.tbz.ch"|"lUx7%l-LigpSP-%X8xxv"
"marie-josee.brion@edu.tbz.ch"|"QaUymr-%EBDqr-Cp3G&u"
"therese.basili@edu.tbz.ch"|"OO3wwC-s00PZo-qXhc&W"
"melia.vertigan@edu.tbz.ch"|"zVymEd-AU0FO4-UpYNxA"
"judicael.saull@edu.tbz.ch"|"yb@tkH-O%JE@5-C2LQSg"
"selene.valentine@edu.tbz.ch"|"ODFbi4-KspoH@-wKMgct"
"verane.dunlap@edu.tbz.ch"|"xyN1jV-Vi184A-pvN45w"
"meline.kinnear@edu.tbz.ch"|"Xnp@qM-q1#XOO-xV0etZ"
"lei.luttgert@edu.tbz.ch"|"Bi8Wa6-J1zQBp-kKk&Gg"
"styrbjoern.lathleiffure@edu.tbz.ch"|"y2xH#6-tVd@YP-gz#pAF"
"marlene.blasi@edu.tbz.ch"|"OqhfTw-9Xd#US-q#nxoS"
"mai.begwell@edu.tbz.ch"|"ZxY&st-rJQxDl-142vlY"
"gwenaelle.kaines@edu.tbz.ch"|"Ja4old-DRZHnj-3G3&wH"
"gerald.adamthwaite@edu.tbz.ch"|"6EiOVr-3@Q7IG-JL8Prj"
"kui.hartfield@edu.tbz.ch"|"qhh6yq-%r3rCc-&4BS$q"
"salome.currao@edu.tbz.ch"|"w7Lr5W-ewK8NW-qkBLQN"
"angelique.tixier@edu.tbz.ch"|"3IyE6&-JbpCt4-uP%Uxq"
"ju.mcgragh@edu.tbz.ch"|"9Z2orF-D380#a-vuzZU%"
"dafnee.beachem@edu.tbz.ch"|"WbIzSn-Z13PSX-6q1xF2"
"creez.terlinden@edu.tbz.ch"|"79EGyI-l#v0yK-wH2crV"
"uo.mcskeagan@edu.tbz.ch"|"p2%tZM-SwW&C6-fDrLOM"
"edmee.mccaughren@edu.tbz.ch"|"lEvzjg-EtDa1z-ax1gC&"
"asloeg.cozby@edu.tbz.ch"|"2sFr8D-Myq0nV-RZj9z%"
"melodie.traite@edu.tbz.ch"|"%WFAvv-BuaKfq-XbhTq6"
"dorothee.aindriu@edu.tbz.ch"|"qV1ItP-@6adkI-T$Nc5O"
"daniele.doley@edu.tbz.ch"|"HXiwse-w52BXn-T1x0dB"
"mediamass.fairclough@edu.tbz.ch"|"bEUTJN-i9euSp-xCkMvB"
"lorene.rainforth@edu.tbz.ch"|"4xJJR1-g7qT#l-ELKqhv"
"leonore.eyer@edu.tbz.ch"|"yUj0Q8-t$1$Y0-jV$Vse"
"po.spillman@edu.tbz.ch"|"5d1#ds-FDZ5YD-ZRrU7Y"
"cecilia.plitz@edu.tbz.ch"|"ccW0WW-1FMGEx-qFnDCj"
"lorene.ludlow@edu.tbz.ch"|"QnUiSu-P9PZ4D-6vE&ga"
"berangere.neligan@edu.tbz.ch"|"PHM#SE-t%e8bT-%gGSz%"
"simplifies.huggan@edu.tbz.ch"|"l1zF6K-CFjQ6%-VWWNHH"
"clelia.prandy@edu.tbz.ch"|"kwppky-y5OeCq-@W8b46"
"ake.osban@edu.tbz.ch"|"bwx@5m-vG@bAm-FE2j4f"
"cunegonde.brunn@edu.tbz.ch"|"A%lR&X-CJjzvJ-Ql88hM"
"long.grizard@edu.tbz.ch"|"xF@jTz-05h57C-fNfxZ1"
"meghane.diss@edu.tbz.ch"|"7YnrgA-$wxlel-hoExlu"
"therese.oldman@edu.tbz.ch"|"Nkvgg1-fE50mu-Jt3H&b"
"boerje.scamerdine@edu.tbz.ch"|"73PcCY-IfyhnN-Cdm$yb"
"du.saban@edu.tbz.ch"|"qV0OVf-hqYFsJ-E8Gy#M"
"hakan.clynmans@edu.tbz.ch"|"IuzTwq-mF1CPm-wisv0i"
"wa.macdowal@edu.tbz.ch"|"Zez%XD-2uKgmo-xJAsFT"
"venus.hatrey@edu.tbz.ch"|"Xs&TeC-rV%o8T-iEd63Z"
"anaelle.vispo@edu.tbz.ch"|"yO9RM1-ftHR56-qbE@Ac"
"mahelie.ollcott@edu.tbz.ch"|"kXZ8LG-Glr39c-jsOona"
"mediamass.whyman@edu.tbz.ch"|"#iyG1%-D7eFAE-32gDwq"
"esbjoern.basson@edu.tbz.ch"|"mR$$Fn-#sHXpq-zhLyzz"
"andrea.morrill@edu.tbz.ch"|"rU7LOm-nkpU#O-wjHX$k"
"melys.grassi@edu.tbz.ch"|"Af59cK-VtVx0J-$qHj@d"
"leone.poleye@edu.tbz.ch"|"mnMy0Y-&6&BMZ-NtONpC"
"francoise.penny@edu.tbz.ch"|"2i9ACK-30S99I-$TY#9p"
"rebecca.edney@edu.tbz.ch"|"ekDesi-Kf7opB-@R%yRi"
"adelaide.murtagh@edu.tbz.ch"|"AikEFf-nJJhSc-#yl0A9"
"stevina.winterbourne@edu.tbz.ch"|"9uicjJ-QWkz0Z-h2hwnR"
"ma.cottom@edu.tbz.ch"|"B96iGH-5V6@wG-o0urYN"
"tan.harold@edu.tbz.ch"|"bCXV3z-w%E2mt-96X$1H"
"venus.forte@edu.tbz.ch"|"60kCvT-JYRi5y-&HjmR%"
"almerinda.oluney@edu.tbz.ch"|"QJwoTx-CY6glw-diA0Gq"
"cleopatre.brehault@edu.tbz.ch"|"0E&TNo-6cm2Vq-r1sb&U"
"interessant.lapides@edu.tbz.ch"|"OhENiH-qQKo8P-yz1Eah"
"reserves.hallatt@edu.tbz.ch"|"SM8gGu-E1f4TI-JimB8G"
"annotes.birdwhistle@edu.tbz.ch"|"E#zyQJ-aSXynz-TdSR$P"
"ai.dredge@edu.tbz.ch"|"Fkgh68-dhV97W-7@o2xU"
"megane.mussard@edu.tbz.ch"|"s3OfAB-Hav@jn-vEez#F"
"esbjoern.gowrich@edu.tbz.ch"|"lG0qP1-&yz2nA-g6KQOq"
"boerje.brislawn@edu.tbz.ch"|"ajQ$@1-OL4c5k-cCUY1$"
"becassine.wilce@edu.tbz.ch"|"Hh1zy9-QPy7vB-IH%u6N"
"personnalisee.oels@edu.tbz.ch"|"nhE5hW-8SfO8&-utNRLV"
"verane.pett@edu.tbz.ch"|"2@@i%%-z@vhxV-ieOa5&"
"marylene.glewe@edu.tbz.ch"|"8beVFR-UlncS@-HsKATP"
"lai.elson@edu.tbz.ch"|"sKX4wi-YAUqXy-GK$z6M"
"serena.di franceschi@edu.tbz.ch"|"5j7w0h-jc%0Sg-QIxeyu"
"lie.espinel@edu.tbz.ch"|"Owivx5-7SBdnZ-t9znJf"
"marylene.fantini@edu.tbz.ch"|"yB#%4P-kqfDtw-RkZ@CP"
"andre.archdeckne@edu.tbz.ch"|"JvIxDG-#E80SL-8G5mSP"
"goeran.bohlingolsen@edu.tbz.ch"|"T5HhqN-Bq01@a-EKqAqc"
"cunegonde.heffer@edu.tbz.ch"|"zT#$UI-bXhj$g-tNcdsA"
"tan.fechnie@edu.tbz.ch"|"AOARlM-dQcCg@-1Pi7%7"
"marie-noel.brammar@edu.tbz.ch"|"%9KjiP-DTLG5K-ce1fWg"
"simplifies.aven@edu.tbz.ch"|"mEE2dA-nrLIPJ-sh6SVQ"
"melys.pinchen@edu.tbz.ch"|"VsOcNg-vVDn7$-h7v8SL"
"edmee.joyner@edu.tbz.ch"|"br3dQT-$0oh9n-yJVwTt"
"berengere.edess@edu.tbz.ch"|"cGBFs&-iTLUfi-txR5VO"
"marie-noel.goward@edu.tbz.ch"|"Ea%Y1g-vyeheh-@o2HGN"
"ju.edmons@edu.tbz.ch"|"j7dik%-Lj4CQy-l02uWC"
"frederique.airds@edu.tbz.ch"|"3BTfZa-8np2BW-$3ZBSl"
"reserves.dauby@edu.tbz.ch"|"@&rdJx-9cfcxI-eOxT%H"
"hakan.gynni@edu.tbz.ch"|"#EDj7K-i%uaQ7-s$N9y#"
"leonore.pinwill@edu.tbz.ch"|"DQA$lo-kZNBZj-YZLZ07"
"marie-eve.mcallan@edu.tbz.ch"|"pJ5DBr-3mCnZs-wIQ7Jy"
"naelle.yeabsley@edu.tbz.ch"|"KqDq%f-x3mQkc-J9rZfv"
"nelie.jacobovitz@edu.tbz.ch"|"CYBwiy-79V7HV-EAS@IL"
"adele.conelly@edu.tbz.ch"|"AzTMe4-alajNn-jjIxzq"
"clementine.dondon@edu.tbz.ch"|"1BBf0M-O&xoZL-kEzC86"
"zhi.willcot@edu.tbz.ch"|"JTV&Ei-XAMWc0-&LZPKF"
"chloe.janicki@edu.tbz.ch"|"SCj0qj-&POg4s-A9EM7g"
"meng.linde@edu.tbz.ch"|"ga&gmx-qXZBxH-6P#ds&"
"celine.janisson@edu.tbz.ch"|"nqQMwJ-WO6l2r-HKqFiB"
"clelia.crow@edu.tbz.ch"|"#9Go4d-Ehh@2g-DaGKfR"
"cecile.pyott@edu.tbz.ch"|"sMcTAP-OnqE3j-qjQYla"
"ma.fidelus@edu.tbz.ch"|"c$pnoP-Tl&loJ-6IAcf&"
"marie-helene.poore@edu.tbz.ch"|"AjmAc5-ki01#9-0ssYvT"
"elies.blanket@edu.tbz.ch"|"L7G0m$-fvjLOu-oJ7p&7"
"yu.boyer@edu.tbz.ch"|"7ATDXk-#SELhB-ejLOWf"
"celia.welds@edu.tbz.ch"|"bZdNDR-R&eRaz-AePrNF"
"du.gunney@edu.tbz.ch"|"GLKerc-gQPuzM-gQX&$7"
"goerel.crush@edu.tbz.ch"|"9x&vyP-iJgKP#-23RCAp"
"marie-josee.brosius@edu.tbz.ch"|"S$NeZ7-ZZUNzL-cf5@af"
"camelia.adds@edu.tbz.ch"|"SGbaDa-VUwz9I-8PLW0N"
"anae.irwin@edu.tbz.ch"|"by6qPE-Xx3W6d-GUmKw&"
"cleopatre.skeffington@edu.tbz.ch"|"B@jQBE-v5nRlj-gj5s#w"
"gerald.suggate@edu.tbz.ch"|"j2Nkw#-R1lloe-ubFZ#P"
"laurene.tailour@edu.tbz.ch"|"TT#Wfy-zR%$L6-yvWPWO"
"amelie.hoble@edu.tbz.ch"|"C7fi9f-#2j#&N-##kexc"
"venus.getch@edu.tbz.ch"|"048M1h-@OeEcL-29MuS4"
"renee.treby@edu.tbz.ch"|"@1Xm&l-0aqvX#-PQQEUP"
"almerinda.stait@edu.tbz.ch"|"j2h69i-KsN4oD-&%4CZM"
"andree.reddecliffe@edu.tbz.ch"|"4SRSFl-TGuhcj-b%M#33"
"leone.wintle@edu.tbz.ch"|"GiSqov-r&PStQ-gVWTjB"
"gerald.fellow@edu.tbz.ch"|"m0JNrW-Cpnv4V-boT46e"
"ju.gudger@edu.tbz.ch"|"kFBR4H-bARW8l-&#zV$W"
"meng.ohaire@edu.tbz.ch"|"ouQ7zB-wBe#Mi-kE6@EX"
"cleopatre.missington@edu.tbz.ch"|"SY$xsA-%TK1dJ-DcWyCs"
"annotes.de bruyn@edu.tbz.ch"|"1cIviG-Sun%nm-rN6WKY"
"gerald.sinisbury@edu.tbz.ch"|"J@qNI9-8XXDbK-efu0Bx"
"creez.slora@edu.tbz.ch"|"h&xh8A-E%4GPX-V7hoK1"
"gisele.benbow@edu.tbz.ch"|"3mIYXV-hYzcx&-w8NL6W"
"pal.dossit@edu.tbz.ch"|"lAgili-a5ixGr-FbbEDe"
"nelie.stirrip@edu.tbz.ch"|"r3diHN-LTENOQ-YMJZP$"
"alois.ocrigane@edu.tbz.ch"|"R9Oxev-XFh94$-bqu9gj"
"kui.mcterry@edu.tbz.ch"|"LuwxcY-&y%V03-hVeq9A"
"long.willgoss@edu.tbz.ch"|"BtKv@G-x@982Z-F5tLXr"
"francoise.sumpner@edu.tbz.ch"|"uAfFQQ-Xg7wfX-W49gCg"
"maely.grinstead@edu.tbz.ch"|"WA@hMt-TzwWZY-SPn@rC"
"creez.langeren@edu.tbz.ch"|"SVGsLy-NK2Rbp-R5KB$L"
"adele.dungate@edu.tbz.ch"|"%actyQ-kL9czE-fNg&dC"
"cleopatre.noirel@edu.tbz.ch"|"uGMEzR-B20l56-3Qprei"
"interessant.daverin@edu.tbz.ch"|"qqwyQN-djAEUw-&rCJiK"
"naeva.kalderon@edu.tbz.ch"|"eY2yBI-0MWLUy-Gb4yqQ"
"anais.oshesnan@edu.tbz.ch"|"NI1vJw-jKjaA6-JVhr%i"
"judicael.anelay@edu.tbz.ch"|"ebHM0e-4hXp$r-oNXbrn"
"eloise.braxton@edu.tbz.ch"|"ysFccr-&9Y@Pe-YYHnWR"
"desiree.greguol@edu.tbz.ch"|"GXhAK@-q5AaNs-@4ZRNj"
"maite.mcclenaghan@edu.tbz.ch"|"DMuVEM-UViwh8-QGseHq"
"meng.doret@edu.tbz.ch"|"uwdM5u-$OScXP-NIV$xh"
"frederique.chippendale@edu.tbz.ch"|"6nt0t$-FwJ6CE-bncJ2g"
"andreanne.lanney@edu.tbz.ch"|"h@JMR1-VhvUGi-XaZ6j@"
"aurelie.claus@edu.tbz.ch"|"R%8iB%-5j9rEX-&Rtmk0"
"renee.pabel@edu.tbz.ch"|"8TLivN-%svh$1-AsxuQ9"
"maena.roust@edu.tbz.ch"|"XSLdBb-IQrzdp-k3OI@N"
"nadege.carwithim@edu.tbz.ch"|"QFDhLW-EwIFNK-mwmOpH"
"solene.geyton@edu.tbz.ch"|"Hg2SzC-Zm&#M8-aP3Pwi"
"dafnee.avraham@edu.tbz.ch"|"s1dKvU-nnm4l8-psnEXJ"
"leane.woolvin@edu.tbz.ch"|"cWP2of-fAPQoZ-cBK0x9"
"adele.macadie@edu.tbz.ch"|"htLA$P-HT3mkd-aeufzb"
"meline.rubica@edu.tbz.ch"|"&IBly9-zoIWsO-#j$RLb"
"marie-noel.speeding@edu.tbz.ch"|"oFrlt#-TqOZXx-aBUUWo"
"nelie.mix@edu.tbz.ch"|"YxjyXB-Nxc7E0-1YYu&A"
"clea.ollett@edu.tbz.ch"|"%p0pbv-Yg975G-@W8TAF"
"leandre.mcgavin@edu.tbz.ch"|"hXwjYR-X3c7G5-r48Pil"
"cecile.behne@edu.tbz.ch"|"wOzIK4-TiZpR&-CknGrf"
"melanie.polle@edu.tbz.ch"|"nY4kYv-w@BGe%-qQ0zKE"
"marie-josee.titmuss@edu.tbz.ch"|"SW5Zwh-86RLOb-baGnpn"
"helena.guest@edu.tbz.ch"|"eNimjs-Fst$66-0onogF"
"annotes.chicchetto@edu.tbz.ch"|"LP#fhD-9aexMr-Cy4grt"
"melia.tubb@edu.tbz.ch"|"kmlGhx-oRPfTC-ZQOKI7"
"angelique.casetti@edu.tbz.ch"|"sVYHQt-zV10nM-$VKbeF"
"cunegonde.cleall@edu.tbz.ch"|"1MyQOc-U@n4t#-Eb7&yl"
"camelia.oaker@edu.tbz.ch"|"VGsNR1-lAVl0i-G22V4#"
"you.searight@edu.tbz.ch"|"6oYg8f-DcKT9J-NT1Jt8"
"kevina.dederick@edu.tbz.ch"|"0oR09c-16IvJ7-IYOda%"
"milena.jeffrey@edu.tbz.ch"|"l&fBDr-Glx88Q-Xjzj@r"
"melodie.barkshire@edu.tbz.ch"|"DY%TVE-2ZFct7-GE5gA1"
"gaelle.kreutzer@edu.tbz.ch"|"cdwk&X-kVc$$x-EMoos$"
"kalliste.kleinpeltz@edu.tbz.ch"|"tg4bGR-z@tOtz-Y&zgCR"
"clementine.danat@edu.tbz.ch"|"zafinB-eb0NDD-p$gZ1y"
"andrea.wabb@edu.tbz.ch"|"pXwZ6d-L7S&nS-tH9x1Z"
"geraldine.piesold@edu.tbz.ch"|"5#Un56-VjxaTJ-HCf2b7"
"tan.fiveash@edu.tbz.ch"|"AsPI8Q-beAp%x-$&EGSt"
"meline.yuranovev@edu.tbz.ch"|"tzvG$3-L6171b-f#Tn%&"
"therese.holme@edu.tbz.ch"|"S0JpEV-GJ1#KN-BvLWKP"
"salome.vaney@edu.tbz.ch"|"TD%qwS-JkG$gF-QGQrD0"
"anae.abramson@edu.tbz.ch"|"LD#J9I-md@puu-E&YL0Z"
"kalliste.jimson@edu.tbz.ch"|"aZp6Td-rmbGgB-u8Z5NH"
"selene.yole@edu.tbz.ch"|"m%iAc0-GDNd7t-GCHSaV"
"agnes.defraine@edu.tbz.ch"|"Sxu2Ug-kV4dW1-#yxv7c"
"faites.mccluin@edu.tbz.ch"|"3aTtwz-ZnFCv1-boEE7G"
"athena.deme@edu.tbz.ch"|"e3AYBd-eBJI8b-rD9xt0"
"daphnee.brigstock@edu.tbz.ch"|"GdKEhp-67NvSJ-I2ykw9"
"goesta.skaif@edu.tbz.ch"|"Tdi0KY-7PeKib-u4jqmf"
"oceane.jagoe@edu.tbz.ch"|"uU7Ulp-WS@N0a-2A49&D"
"annotes.broomhall@edu.tbz.ch"|"Kn8znw-T4cPsv-uiR3Yh"
"marie-eve.ballendine@edu.tbz.ch"|"QmA3H%-k9d$nD-w0f#Ii"
"melina.spykings@edu.tbz.ch"|"HC6@EF-FuzhPz-432mV7"
"laurene.ticehurst@edu.tbz.ch"|"vs8Pen-IV@L#6-pu#Uh6"
"fei.avramovic@edu.tbz.ch"|"d0IXKo-d@0d%c-x8B%Ko"
"publicite.strathearn@edu.tbz.ch"|"Cg3cRt-sDmZoX-VooAgm"
"torbjoern.garrow@edu.tbz.ch"|"A%LEH%-lIzCd4-YmM5Yg"
"chloe.rubinsztein@edu.tbz.ch"|"fQ7fB#-ap0#j$-qO039i"
"mylene.demanche@edu.tbz.ch"|"yqd$f@-X92JHe-1r6Qym"
"mediamass.godlonton@edu.tbz.ch"|"1a%1Yf-a3Pw8u-cwFEat"
"renee.shurrocks@edu.tbz.ch"|"p1l3Jj-32SNpk-nuM08&"
"maiwenn.jedras@edu.tbz.ch"|"O7px$y-achHVn-nCyJ&V"
"genevieve.castells@edu.tbz.ch"|"K7S3@U-jJ%Ivm-6%yjxm"
"renee.sneden@edu.tbz.ch"|"jObFZF-Swt5LC-7tlN2%"
"lai.mccallion@edu.tbz.ch"|"gVbzSC-BYr$Iw-HjrGqv"
"kevina.impleton@edu.tbz.ch"|"L1YVsN-v6jB&E-%hW0&6"
"oesten.fresson@edu.tbz.ch"|"WXR4xa-km5ua6-vMqwfs"
"verane.shawley@edu.tbz.ch"|"Yg7CNT-hCvJn$-yud@yl"
"uo.sjostrom@edu.tbz.ch"|"wtX7Up-QIljBS-OqyR1m"
"gisele.gothup@edu.tbz.ch"|"msVnqU-EL6Gn$-MNfJ%u"
"renee.beauman@edu.tbz.ch"|"#C$&F3-a30BOU-ExN0Zn"
"elies.loton@edu.tbz.ch"|"FS3BQ9-KemY5T-9e$s0B"
"valerie.elsmore@edu.tbz.ch"|"4pE9EL-&dW$PL-F&rnOm"
"berangere.de la feld@edu.tbz.ch"|"lw$SZj-G3WC&h-mkRcXc"
"bjoern.schimke@edu.tbz.ch"|"JF%KTN-glWGIC-&UNbTH"
"loic.ericssen@edu.tbz.ch"|"HXvIbf-C94WGd-HV551g"
"creez.richarz@edu.tbz.ch"|"s0dh%B-1oUam6-twa4Xu"
"athena.grocott@edu.tbz.ch"|"4e4T3S-peBpdw-xIjtOb"
"naelle.piotr@edu.tbz.ch"|"es$LmC-HSVCZp-rLC%j1"
"maella.paulson@edu.tbz.ch"|"lQO8Od-C6AYSu-Ycnl3a"
"song.perot@edu.tbz.ch"|"GQR0Gz-bp1lgh-S2FW#W"
"kalliste.heckney@edu.tbz.ch"|"Hls$g8-47equo-V98a&2"
"ake.vasyutkin@edu.tbz.ch"|"tYtsYY-DHXCth-nvdQ4F"
"ma.castles@edu.tbz.ch"|"Kqo2vM-RZC0U0-VajKcS"
"maely.monget@edu.tbz.ch"|"ZV3v4c-763xuH-oKn#c2"
"tang.durbridge@edu.tbz.ch"|"%mgozW-Tg9nyN-TcX3Hq"
"laurene.andrew@edu.tbz.ch"|"g3Hurc-JJgIWh-Qp4eIE"
"lysea.beacon@edu.tbz.ch"|"E$L5CV-uuRR5@-aSQ#Bd"
"leandre.peyntue@edu.tbz.ch"|"IAZoYP-jMj&We-H#ZYog"
"rao.trever@edu.tbz.ch"|"BzNmCY-SnyL&j-aVZ7vl"
"mahelie.streader@edu.tbz.ch"|"rCXRvb-pZnUss-mlE2Nr"
"maerta.andrejevic@edu.tbz.ch"|"XrKmxv-k@HC34-UMqKiz"
"goesta.tompkins@edu.tbz.ch"|"Y9xH8G-w&XdjY-heiLPh"
"helena.agates@edu.tbz.ch"|"XqAAWS-Fa##1I-lGrjip"
"therese.glass@edu.tbz.ch"|"7vBYsI-6sTQmz-Pcvf$H"
"alois.foan@edu.tbz.ch"|"d&JnKN-zvlp1i-l4Jfkf"
"becassine.melchior@edu.tbz.ch"|"3RkdE2-uCkyUI-nQ0ZTL"
"cloe.robart@edu.tbz.ch"|"eq3msB-LysnoD-0Qtz1g"
"daniele.puckinghorne@edu.tbz.ch"|"Ro$tyh-w##hzs-Oc2HPk"
"selene.cammidge@edu.tbz.ch"|"0aDq1f-En2PH$-qDJeAy"
"regine.conochie@edu.tbz.ch"|"bluHfs-J7Txrq-eZfo9#"
"interessant.tuiller@edu.tbz.ch"|"ct9Fa8-OzIia5-9AO5Eu"
"long.tiebe@edu.tbz.ch"|"NeiBqG-vS#0Rh-1eghbJ"
"mans.yele@edu.tbz.ch"|"#Z$YXB-VJlqyl-l93QDL"
"ai.giles@edu.tbz.ch"|"$V@iDK-4zRk5b-bfe@gx"
"gaetane.hamberston@edu.tbz.ch"|"#HtajT-#EYs#t-plNkt5"
"marylene.fenix@edu.tbz.ch"|"Z#4Jn&-i0nyHn-MjycWw"
"geraldine.graeme@edu.tbz.ch"|"YJHPpH-r5ef7E-pryK95"
"tang.kinglake@edu.tbz.ch"|"8@vWOD-LJB9QF-O8#3z5"
"lai.challoner@edu.tbz.ch"|"vTND0f-V5oHMf-6r6Wll"
"desiree.mattei@edu.tbz.ch"|"z51hHE-@R#KGa-w%gV3q"
"ake.erley@edu.tbz.ch"|"9M5A19-H1f0cX-eczfJU"
"edmee.cavil@edu.tbz.ch"|"DmT88x-N5dAva-4phP4N"
"alois.moyes@edu.tbz.ch"|"x89sLO-Vc&V7F-0$9d5d"
"becassine.pitman@edu.tbz.ch"|"r6zr6I-7H#9EH-h371EX"
"ai.giacovelli@edu.tbz.ch"|"@fy8Ct-DfFmaM-j67l4O"
"judicael.fruchter@edu.tbz.ch"|"3I9X@F-ksH0p9-aPrAzS"
"mans.mogg@edu.tbz.ch"|"8J78&E-FezR1c-R7sL4j"
"gerald.foyle@edu.tbz.ch"|"qe24Cs-KqNHsi-oZpXc$"
"wa.androletti@edu.tbz.ch"|"U%iCCb-fwAdVt-3o&&lG"
"meng.ollett@edu.tbz.ch"|"aswDs8-gwrjZX-gtUF1#"
"naelle.macmenamy@edu.tbz.ch"|"vkY0mC-AxUhGO-P%0p$0"
"gisele.mcramsey@edu.tbz.ch"|"g1s$9x-@zz8Sn-8zFUqL"
"meryl.scolts@edu.tbz.ch"|"b2Cwur-xkhO7$-mh3e5a"
"celia.bloxsome@edu.tbz.ch"|"RxikVg-AHiifc-cLv35h"
"styrbjoern.stuke@edu.tbz.ch"|"gEOe36-Z@zQ&6-P8Z2MD"
"felicie.gwilliam@edu.tbz.ch"|"2hNx9W-EseCUW-BuSXUn"
"da.harms@edu.tbz.ch"|"N@yjPw-ZSJFIo-VXFwPU"
"celestine.baulk@edu.tbz.ch"|"@cOmUG-EH06ia-vOr$m9"
"mahelie.blackledge@edu.tbz.ch"|"OnYt7o-vO&xbT-U94miN"
"meghane.salt@edu.tbz.ch"|"xJJXky-zT%pE&-Fjm%zE"
"methode.paxeford@edu.tbz.ch"|"ZYfRt7-B0PFJ5-97ijHu"
"asloeg.milligan@edu.tbz.ch"|"o1kcRy-xqMRPd-Yw2adK"
"you.pellman@edu.tbz.ch"|"u2uotm-a7&Na&-a705ju"
"loic.regenhardt@edu.tbz.ch"|"2b5An9-kvMIfh-CbKoDL"
"daniele.savill@edu.tbz.ch"|"niE3ro-gNNQwn-mVo6hq"
"alois.cornu@edu.tbz.ch"|"9NT3DG-e2M7Ne-MQTHvm"
"oesten.govey@edu.tbz.ch"|"7QOs38-$9sNyb-eH18on"
"marie-eve.louch@edu.tbz.ch"|"KNS%ZS-hBGu1I-6WgD98"
"theresa.wenn@edu.tbz.ch"|"Vh9HQK-AeJ3BJ-Zts0Vz"
"andree.eul@edu.tbz.ch"|"rlExGE-C5lEDS-MIQgG0"
"lie.paynton@edu.tbz.ch"|"LrZ##s-EW50n7-y$lGDh"
"marie-eve.girodier@edu.tbz.ch"|"F5CaY6-XlXZZQ-OOf0NR"
"marie-noel.smithe@edu.tbz.ch"|"wdgBnm-EGn6%V-JZT07j"
"men.bootyman@edu.tbz.ch"|"&$%XIK-hb%&ib-Ohae%%"
"ku.sugg@edu.tbz.ch"|"BqfdUh-UbzyGw-hCad9R"
"lucrece.roseman@edu.tbz.ch"|"Qhuet0-yRzmEf-&BdIig"
"zoe.annear@edu.tbz.ch"|"HPg2$A-KZO#S&-R6HD9Y"
"marie-helene.rennebach@edu.tbz.ch"|"kLcA&U-37dQSt-58feCJ"
"lea.djurdjevic@edu.tbz.ch"|"rCoGIo-vhYnI6-#ch5Bc"
"goerel.robert@edu.tbz.ch"|"wRuNZ1-Ou23Uy-%CHgYD"
"mylene.foldes@edu.tbz.ch"|"9%cEgo-En9%eZ-VU7v9O"
"faites.clegg@edu.tbz.ch"|"uBjY09-7G&&#R-mA0NU$"
"marylene.crowcher@edu.tbz.ch"|"NpyH7N-uLNV7b-CiARgu"
"aimee.wimpeney@edu.tbz.ch"|"qvGT%r-g9erFC-#3ScP@"
"renee.atkins@edu.tbz.ch"|"yox8ZJ-3auhqo-kK@OwY"
"rejane.cainey@edu.tbz.ch"|"uEyQep-Ak0jgr-kqTS6O"
"solene.britney@edu.tbz.ch"|"eBD9es-rIRwL0-1NTCwL"
"marten.shatliffe@edu.tbz.ch"|"LS9pAm-Zk@f1y-01@Vs@"
"maite.issatt@edu.tbz.ch"|"GBN7UL-3lLc12-Zb0l5Z"
"maelyss.edon@edu.tbz.ch"|"RI5VlL-A0VNFe-#jtr0L"
"nuo.bamling@edu.tbz.ch"|"3UpzEu-biXwXB-vk0wo4"
"anais.edards@edu.tbz.ch"|"kkLilK-BXN#gx-IwkCfZ"
"mediamass.bromet@edu.tbz.ch"|"$6Q$xP-9QzANh-JGShns"
"beatrice.kimbrey@edu.tbz.ch"|"WWNORb-Vupjjh-GasQQS"
"ines.lawranson@edu.tbz.ch"|"j05oTP-$PBBmT-6jKCGI"
"kalliste.scandroot@edu.tbz.ch"|"iDiLN0-Q%xiZF-llnJSM"
"mans.barrowcliffe@edu.tbz.ch"|"r3dQd5-#aKVT%-haV4ZT"
"irene.couves@edu.tbz.ch"|"bL1IHI-QwwFR6-$$TBfY"
"milena.mucci@edu.tbz.ch"|"ZGYhGc-iAn3Ll-v823e9"
"naeva.cow@edu.tbz.ch"|"Gps0yj-g%QD5B-b%7pct"
"audreanne.mournian@edu.tbz.ch"|"jXvUjW-E9fKhO-U&Nu6s"
"melia.sinnatt@edu.tbz.ch"|"g&9FL4-BBDw%v-6kD9eH"
"nelie.burnard@edu.tbz.ch"|"WRof2$-ZgIW24-ky#73L"
"clelia.ashfull@edu.tbz.ch"|"EzPnBF-qLOajQ-S6S#9G"
"lie.macard@edu.tbz.ch"|"y0$eJQ-PtDH8Z-FKWr6p"
"valerie.matoshin@edu.tbz.ch"|"j%0WXj-ZXB@7Z-YlxAWq"
"anael.hatherleigh@edu.tbz.ch"|"xVomuu-%yuUw#-pv&Xve"
"interessant.warratt@edu.tbz.ch"|"6ZQ8&8-aNuHPo-SOvO$Z"
"eleonore.volage@edu.tbz.ch"|"RiV6YH-Vf8&9N-82Gl7h"
"zoe.stebbing@edu.tbz.ch"|"%FoJ0z-$d3PR$-H5BTpv"
"alizee.nye@edu.tbz.ch"|"b&wEL0-@ms8D%-HGorbN"
"celestine.bramley@edu.tbz.ch"|"gCWbTb-T$LL9y-44UL$m"
"selene.philcott@edu.tbz.ch"|"$lsF4N-SUFJj6-lcMxJE"
"tang.newens@edu.tbz.ch"|"NwV01q-yGKDyb-qeUjUY"
"annotes.powys@edu.tbz.ch"|"1R1leT-2SFqj9-7AViGA"
"lea.matthesius@edu.tbz.ch"|"qKhKYG-UDHzrn-Q2#lxS"
"illustree.garlett@edu.tbz.ch"|"h$WlEN-uNH$O7-mM18Pk"
"maiwenn.meachem@edu.tbz.ch"|"slPvj8-rx9xtr-Flbiab"
"marie-francoise.mcbrady@edu.tbz.ch"|"7&q%Z#-yuscCl-#s1v9p"
"illustree.gimbart@edu.tbz.ch"|"ptQ3xg-bt99vc-4Y@@9m"
"melys.lyosik@edu.tbz.ch"|"xg$3WS-Kn58uM-bE8Uhr"
"marylene.mcnab@edu.tbz.ch"|"PECH6N-tZpc21-52%NH#"
"gerald.blount@edu.tbz.ch"|"L1grrq-Nh4JnP-7UMGcb"
"clelia.shakelade@edu.tbz.ch"|"znoi5g-rdhIwZ-HvIWGa"
"penelope.cridlin@edu.tbz.ch"|"bKTHb&-X#LISx-$kTGXV"
"maena.okuddyhy@edu.tbz.ch"|"vqkC16-q9L4hN-xJZ1fl"
"athena.keynd@edu.tbz.ch"|"dnRcO5-gaZhlp-J2Mfmy"
"cloe.dwine@edu.tbz.ch"|"A65b85-5VWNG@-lRzEos"
"josephine.browett@edu.tbz.ch"|"9xEGZV-%d3aCt-4O&oO8"
"audreanne.oscanlon@edu.tbz.ch"|"FUJzgY-iUX85J-ZGNGf&"
"fei.jeanequin@edu.tbz.ch"|"oEI4jG-ee&n9h-1uN9eA"
"lois.gormally@edu.tbz.ch"|"NWcVI3-mbumXY-#50OpZ"
"marie-francoise.finnigan@edu.tbz.ch"|"tB&xno-hFS5%b-4SG2ed"
"leonore.trussman@edu.tbz.ch"|"#mqUIq-AgZEXQ-X1vrKR"
"anaelle.trumper@edu.tbz.ch"|"wLzXee-qRH@%L-Q3nWbv"
"clemence.dionis@edu.tbz.ch"|"lpNRJV-Y2ZTIi-hmfA1U"
"lois.tranmer@edu.tbz.ch"|"WalDD2-k9Ot1W-Zq2b1A"
"interessant.volett@edu.tbz.ch"|"C4KSMD-P2Zgby-HUKBRz"
"personnalisee.deackes@edu.tbz.ch"|"nwH3qW-HcTCEW-YzGi7B"
"lie.vasiliu@edu.tbz.ch"|"uPLvKR-OB&%QW-LkKe&4"
"dafnee.lamputt@edu.tbz.ch"|"F1mon9-%1Isyx-Gdq%&X"
"elies.bromige@edu.tbz.ch"|"G2WvAX-koMp$7-4RRMBa"
"helena.klosser@edu.tbz.ch"|"h8$Rgk-2aBHzb-0#GZ49"
"andree.grim@edu.tbz.ch"|"HIOBzF-2DYLXD-R2cRuE"
"verane.coldbath@edu.tbz.ch"|"wwk4pW-T9M$x7-FEn3d7"
"helena.bethell@edu.tbz.ch"|"F&z3Lx-bSuagX-MzBnY%"
"kalliste.carefull@edu.tbz.ch"|"Kdv7oB-brcAqw-%E&%qK"
"regine.odams@edu.tbz.ch"|"Pfvv6b-c3vNKB-Dn0oa&"
"len.stannus@edu.tbz.ch"|"17bN$t-hFC@iJ-KXK6hk"
"angelique.works@edu.tbz.ch"|"fnWfb5-0XDTNd-gs6Nry"
"goesta.rheaume@edu.tbz.ch"|"2Kibun-f$7M5X-kohch5"
"maelys.tynnan@edu.tbz.ch"|"IPtzj3-AvsK6p-@MN16I"
"maelle.carlesi@edu.tbz.ch"|"Q2La0n-B0NwDT-&U@wEJ"
"anael.spurden@edu.tbz.ch"|"lNokz$-vv8f5i-gOmS%t"
"helene.pumfrett@edu.tbz.ch"|"@AkqyD-K#RmMM-C@HCUr"
"goerel.pearn@edu.tbz.ch"|"jW3EWl-gGm#Hq-ScDs00"
"laurelie.de zamora@edu.tbz.ch"|"f5buQ6-mVhOgN-kl@iI$"
"yao.twidale@edu.tbz.ch"|"hYZhfh-cF9QDJ-KpCI&C"
"berengere.sola@edu.tbz.ch"|"o#$ydg-j50O@A-dytfDS"
"maelann.hardistry@edu.tbz.ch"|"Yf7nJr-cdvaAL-5f0A$w"
"severine.littlefield@edu.tbz.ch"|"ubs669-jE52f4-dFOTv&"
"salome.heinl@edu.tbz.ch"|"zKQGLk-KINRO7-#2pD8z"
"meryl.warbey@edu.tbz.ch"|"dY5I43-VADcqL-F8k31m"
"da.hunstone@edu.tbz.ch"|"2cUmbB-@zbE89-qZjW3Q"
"venus.broadbury@edu.tbz.ch"|"5BBYa0-yAk8Yl-c37%Qv"
"meghane.rentelll@edu.tbz.ch"|"F#jkF9-Ug8BEP-LqRXGB"
"marylene.drewitt@edu.tbz.ch"|"73jS3i-brSiu0-NO58TD"
"melinda.jacquemet@edu.tbz.ch"|"yLpfg@-@LyWcW-ShzeBd"
"marie-josee.keyden@edu.tbz.ch"|"j8mxl@-rPd&sm-iUtQsz"
"asloeg.montacute@edu.tbz.ch"|"89lnRN-0BO&$p-$@rcEb"
"ku.andreou@edu.tbz.ch"|"uS6nqy-oq7#pQ-0Hne5P"
"personnalisee.feaveer@edu.tbz.ch"|"cDJ9Se-LH@x&p-ZF8%N2"
"laila.emptage@edu.tbz.ch"|"w%URno-ilHrY&-CLdwXi"
"bjoern.dawdry@edu.tbz.ch"|"$RsSsu-LGJ9qi-uS&Qoa"
"marie-eve.dinsell@edu.tbz.ch"|"xA6q3i-N30NW0-aLxzn8"
"helene.follett@edu.tbz.ch"|"aWOZjz-aphWxy-q2%G2A"
"penelope.cordero@edu.tbz.ch"|"&UhzCZ-1@0Yna-NURGKu"
"boerje.beedell@edu.tbz.ch"|"p7PTE4-rfdsqQ-xbMghH"
"nelie.ferne@edu.tbz.ch"|"ngXOQ@-kUAaU3-$9wsWZ"
"celine.ahmed@edu.tbz.ch"|"jKQr1@-r0OYUk-32ajci"
"stevina.pimblett@edu.tbz.ch"|"s5WOBo-uKCzVa-&4zySC"
"chloe.langlands@edu.tbz.ch"|"@wWFu1-XCJj3E-G0kfVL"
"simplifies.maude@edu.tbz.ch"|"#Ja&K3-ZXdltq-dzN&4u"
"genevieve.de carteret@edu.tbz.ch"|"VNeotM-dmyQ0B-MzxBNh"
"marylene.mughal@edu.tbz.ch"|"vF&67g-YAaHXJ-7qnJMM"
"goeran.guttridge@edu.tbz.ch"|"rPkMUM-VbJ$JK-guP63X"
"michele.smurfitt@edu.tbz.ch"|"o3kWRH-6Yni1u-5tuCK0"
"methode.hadeke@edu.tbz.ch"|"8mmj%o-yNtDr@-%GI76l"
"therese.rispine@edu.tbz.ch"|"$5Wmht-LeGUBw-8mEm9u"
"goerel.plumley@edu.tbz.ch"|"OrR0u9-vGgCq5-1r4TCj"
"oceane.friett@edu.tbz.ch"|"JiLb$R-F5VChW-&7h$&h"
"marie-noel.achromov@edu.tbz.ch"|"NUp4tU-l8Y2wh-eyhB@5"
"dorothee.storek@edu.tbz.ch"|"z3HUg8-h8#22U-eIZQ96"
"goesta.whittle@edu.tbz.ch"|"P7ZcKa-iids9l-ZjLlF&"
"desiree.casely@edu.tbz.ch"|"I$8kS@-pRroc8-$EBGfE"
"felicie.condon@edu.tbz.ch"|"aYmdCM-X7dxFP-dX1x@U"
"maelyss.frisdick@edu.tbz.ch"|"@oDhwZ-IMCGBm-kTJG4%"
"aimee.banke@edu.tbz.ch"|"XYxwly-6icSWG-y@QkxJ"
"naeva.hodcroft@edu.tbz.ch"|"G0Mp@t-lPd2Ef-MkJfgm"
"laila.gerrans@edu.tbz.ch"|"y5AGq4-6%UxVC-MaB$zF"
"daniele.scrimshire@edu.tbz.ch"|"SpOCoX-XFM8r#-iFNCMN"
"daphnee.sheerin@edu.tbz.ch"|"orw#&z-6vPmyP-0Vb99B"
"pal.vanyukov@edu.tbz.ch"|"TZ3zP5-8xOTCI-vTvqT$"
"zoe.childs@edu.tbz.ch"|"RqDJte-R30@Dj-Ei2biG"
"ai.corde@edu.tbz.ch"|"IFWCxW-yQ1Tt&-eMDHdz"
"maelys.berryann@edu.tbz.ch"|"vH4sca-zsjQvj-Y2Gukc"
"cloe.gladding@edu.tbz.ch"|"aozOHO-hP&%UV-Uo$6AV"
"wa.kinnaird@edu.tbz.ch"|"d0gLI%-alPe4@-QLCMjO"
"publicite.brittoner@edu.tbz.ch"|"zZ12ig-NxSnBl-SFQd3c"
"rao.windress@edu.tbz.ch"|"E071gw-cH57iT-i3&qby"
"uo.kollach@edu.tbz.ch"|"W9NlMr-&@gwQ7-b1$Tt6"
"josee.peskett@edu.tbz.ch"|"0&ZAt2-LktQ91-zPcvkC"
"annotee.hasel@edu.tbz.ch"|"5Yuhu0-bD@hqM-3ET6y8"
"cinema.lee@edu.tbz.ch"|"Hc4Fal-Xv&zd6-FG8gr2"
"lai.vedeshkin@edu.tbz.ch"|"VEQo2v-TzsIaJ-qNK&66"
"renee.brisbane@edu.tbz.ch"|"dOj9Sa-17xuVx-Xo#AvN"
"ophelie.blincoe@edu.tbz.ch"|"XrlFRF-WGRnn0-Rk1j0M"
"zhi.prazor@edu.tbz.ch"|"a6EG1x-F8W6d#-odGsU$"
"annotee.maddicks@edu.tbz.ch"|"pLOOOX-PmuIj2-YCxQ&I"
"maelyss.codd@edu.tbz.ch"|"FNQ%ed-GqsUrp-K2OoT2"
"celia.peplay@edu.tbz.ch"|"mZB6jx-O87w2s-V37HJf"
"interessant.skone@edu.tbz.ch"|"Sevxqv-j2JA$H-EV8fi3"
"audreanne.hebdon@edu.tbz.ch"|"v$dFfT-2DiAId-wz3NmF"
"oceane.glen@edu.tbz.ch"|"ylqcHB-m6eXCl-4gS3zh"
"daniele.vanyushkin@edu.tbz.ch"|"J@MsaE-MQgvXB-zmZucc"
"daphnee.ayce@edu.tbz.ch"|"xGS6o9-jY#4gy-lc67b4"
"andrea.attride@edu.tbz.ch"|"Sw0tZk-wuXJ0@-N54VYV"
"penelope.bridgwood@edu.tbz.ch"|"e1a0nd-baHOIx-FkgfEA"
"mailis.drewitt@edu.tbz.ch"|"1LMnq2-&ypCnJ-WqQ0p#"
"penelope.mollene@edu.tbz.ch"|"jalgX1-koPmbk-ZpLF$1"
"illustree.keely@edu.tbz.ch"|"BrMyXH-AX4mPr-HhKKZD"
"meng.brisseau@edu.tbz.ch"|"pv23Dn-%kZH&v-whxaYO"
"ruo.cleiment@edu.tbz.ch"|"tviGw8-4NK4SY-w0q@1I"
"maite.krammer@edu.tbz.ch"|"l&V6D0-YkBXXE-6FfxTO"
"genevieve.verry@edu.tbz.ch"|"6lq#pJ-xf#OeC-15J#C4"
"lea.olochan@edu.tbz.ch"|"Dz6b72-ZS1@dj-L@0heB"
"naelle.brunnen@edu.tbz.ch"|"r2zMaS-gGvXLu-jgZMQW"
"goesta.bragginton@edu.tbz.ch"|"PzlNjP-JULTxp-lal9Zb"
"fei.danilyuk@edu.tbz.ch"|"M&39iF-BCZPBt-itiPZK"
"adelie.turbitt@edu.tbz.ch"|"JUQ2OI-rha3gk-#bkls6"
"marylene.nutman@edu.tbz.ch"|"#By1lV-pZFrea-3Es1%l"
"therese.barbrick@edu.tbz.ch"|"DWb&oL-TaxZrQ-@ZwGir"
"melys.kolodziej@edu.tbz.ch"|"IyaoGP-vFXZQ#-u@uw#&"
"melanie.runchman@edu.tbz.ch"|"vs$@Es-4vz$T5-N7Z1ne"
"serena.lafond@edu.tbz.ch"|"9GdI0C-oImN8I-0gYBHd"
"pelagie.desmond@edu.tbz.ch"|"6tDdl#-UonsjU-ASPN5P"
"wa.spickett@edu.tbz.ch"|"FGapWQ-wDgI67-&eEIVZ"
"po.shave@edu.tbz.ch"|"P631%y-sqWAsF-FVpCZ$"
"song.huikerby@edu.tbz.ch"|"By7zcZ-4X14$0-epkRnO"
"melinda.bimson@edu.tbz.ch"|"#kDs&q-xpMEYC-6sQstb"
"personnalisee.toffanelli@edu.tbz.ch"|"Xd2m0U-StF$dp-MLsVz1"
"leandre.hurn@edu.tbz.ch"|"3e&pnP-IENwY3-tH3C08"
"oesten.standell@edu.tbz.ch"|"JWmmTc-R@VUKN-m5wcZt"
"naelle.smaleman@edu.tbz.ch"|"yd%qb9-Dt6c%l-HEwMg3"
"berenice.tayt@edu.tbz.ch"|"xLJ14t-cuaf9M-7$GlD4"
"kui.popplewell@edu.tbz.ch"|"%ePyGl-HD%R@@-I%AwVY"
"melodie.ferandez@edu.tbz.ch"|"p8ri9H-nEIgF4-%dqhw3"
"josee.negal@edu.tbz.ch"|"5GNR$a-hEFNHK-UKpDb$"
"melissandre.ferrelli@edu.tbz.ch"|"4Epvqd-e4P7BF-2Flh4x"
"josephine.kemmer@edu.tbz.ch"|"5@2Gfe-dPYe#t-gUm8oT"
"maely.cayette@edu.tbz.ch"|"EBPse9-SktipQ-I08uyp"
"nelie.vela@edu.tbz.ch"|"r8XxbT-f983mG-wfjEn9"
"melina.cortes@edu.tbz.ch"|"Qfat#E-eeIQzz-ujj&eI"
"megane.leyshon@edu.tbz.ch"|"ZrQjcL-&jw4XP-W80lDj"
"regine.harrie@edu.tbz.ch"|"MqWzIo-zy1$5z-2YUHJu"
"mylene.widdison@edu.tbz.ch"|"#oayMm-uN6gsC-Q@Ygc9"
"pelagie.vivash@edu.tbz.ch"|"lcHf5z-ig5VP%-E15bud"
"styrbjoern.vicarey@edu.tbz.ch"|"SNDENM-ZKS294-Ai$2GR"
"long.kyles@edu.tbz.ch"|"tMEcXz-zpzCYq-LpsDCJ"
"stephanie.gipps@edu.tbz.ch"|"yJshXR-XFQVaR-40z2o7"
"clea.constantine@edu.tbz.ch"|"z4x15F-#jJx35-NPF2RD"
"maella.cometto@edu.tbz.ch"|"z%AX3J-$n19H3-1zqYD9"
"laila.aubrun@edu.tbz.ch"|"HAwyCu-vorooS-bYRHZr"
"yao.austins@edu.tbz.ch"|"hOr&#E-fWGPPw-h&6p#s"
"mailys.rylstone@edu.tbz.ch"|"tR4FjA-TsvSH2-aS2%cC"
"adelie.curuclis@edu.tbz.ch"|"L@iJDK-8g2oOg-9JVdF$"
"celine.longhurst@edu.tbz.ch"|"lpc3r9-cWXhYZ-z#$#Jy"
"gisele.hazell@edu.tbz.ch"|"nPTYv1-7OJ6YL-1Ptb2W"
"celestine.ciccone@edu.tbz.ch"|"N1&z$u-MOwi&o-HatnhE"
"maelyss.doole@edu.tbz.ch"|"MIKMH7-UOixpo-g&xIQj"
"helene.grimsdike@edu.tbz.ch"|"gEaFNc-30FzqI-&@xt8D"
"lie.macer@edu.tbz.ch"|"2ych@$-BykzaW-$FH#4I"
"maely.izard@edu.tbz.ch"|"2zPdXq-ejRl6R-&MemX4"
"erwei.breewood@edu.tbz.ch"|"QKGK4D-jzWTiJ-pl6tCP"
"chloe.woolford@edu.tbz.ch"|"$I2TE2-zQPmhk-ymvI1A"
"cleopatre.turpin@edu.tbz.ch"|"2S4#Z9-l%&%wS-lCWrLG"
"melodie.surgison@edu.tbz.ch"|"RunNAX-lugucr-0GurTD"
"elies.leander@edu.tbz.ch"|"NKmF7a-QVaR27-Jvwa01"
"mediamass.reignould@edu.tbz.ch"|"Dxr%2&-mdOfVP-suT81I"
"celestine.wasmuth@edu.tbz.ch"|"Sa8lOz-kNkO&3-ZKdFd3"
"marten.jervis@edu.tbz.ch"|"QZV7B%-$7q8fF-Vq@10s"
"daphnee.bour@edu.tbz.ch"|"HXHeum-22zyU&-YkDPVR"
"regine.harlett@edu.tbz.ch"|"6AqLpM-jYUZJ&-Of7&J8"
"noemie.macaskie@edu.tbz.ch"|"2gZt$2-MZEOxg-kq$wDD"
"loic.renfield@edu.tbz.ch"|"5qKhg1-RLfgMA-Q3PJuH"
"venus.kleinert@edu.tbz.ch"|"2&v6A#-N0#8vW-c8MDnT"
"marten.burlay@edu.tbz.ch"|"Hsd0F6-n3#O&5-im#Gsc"
"berengere.radsdale@edu.tbz.ch"|"WvHSyI-sEb8oF-RW8gHE"
"genevieve.duckit@edu.tbz.ch"|"bonKjm-MD6tFI-GWiBXg"
"maely.ligerton@edu.tbz.ch"|"d#weh8-3E2csK-D4xFjo"
"maeline.ricciardelli@edu.tbz.ch"|"7Ri5KK-2%C1W#-KVCqzX"
"personnalisee.yggo@edu.tbz.ch"|"$qzTAp-f7n0rL-$y%mMY"
"alizee.pettinger@edu.tbz.ch"|"o#@F2Q-I$ywbU-knUteB"
"desiree.curnnokk@edu.tbz.ch"|"PzcUP2-RUf&qP-82tDJb"
"dorothee.minors@edu.tbz.ch"|"b4jacK-eg0uPt-PfvBaZ"
"oceanne.kopmann@edu.tbz.ch"|"zdbE2&-dbpC7V-bZLG3$"
"almerinda.brodbin@edu.tbz.ch"|"y6p5y$-90yAQy-@q6SyL"
"yenora.carsberg@edu.tbz.ch"|"5x8rB9-%3IpLN-qVXo%u"
"wa.beetles@edu.tbz.ch"|"SH2UF#-Ugciog-E2szPC"
"audreanne.abbot@edu.tbz.ch"|"sxqNDM-8%xEKL-YFb#jR"
"noemie.capper@edu.tbz.ch"|"$MivO0-o7mYnq-6hXx2l"
"mans.abramamov@edu.tbz.ch"|"wc1ZGk-lnjyZ8-2@7wI8"
"audreanne.blakey@edu.tbz.ch"|"sgxCh#-yLqQA@-7Bearq"
"leone.klimpke@edu.tbz.ch"|"5o1BY4-XogUsA-%kpZO1"
"lie.croston@edu.tbz.ch"|"ay%3YB-CcKFJH-Wyy6Ty"
"anaelle.baistow@edu.tbz.ch"|"7XD6mH-Rtys6P-Ww3I@y"
"michele.garwood@edu.tbz.ch"|"WTc@Z%-2ASUlz-f1z17V"
"interessant.albion@edu.tbz.ch"|"ESjWQq-E36%ix-suXXA$"
"andre.brisco@edu.tbz.ch"|"Ze$Puh-i2amnZ-MRHKJU"
"tang.totterdill@edu.tbz.ch"|"NL#Upy-2%vxB4-3urdp5"
"marie-josee.braundt@edu.tbz.ch"|"AAKf$0-4m8dcc-1BQld7"
"lois.galer@edu.tbz.ch"|"to5vKz-gUMaIh-e9K87q"
"faites.pellamonuten@edu.tbz.ch"|"cPEote-RV5YsL-W@NWuN"
"mai.barfford@edu.tbz.ch"|"1pT#lK-#f@QoB-QJEuBG"
"laurene.macilory@edu.tbz.ch"|"UCqiW$-KcMS@%-K&NcOu"
"elea.peak@edu.tbz.ch"|"&256XE-ULScHA-aBfLSl"
"rejane.doni@edu.tbz.ch"|"9ruKT9-wC%sRd-7K0mcS"
"mahelie.ector@edu.tbz.ch"|"OwnQC0-wmanXo-pbs##Z"
"rachele.allum@edu.tbz.ch"|"eV7d5C-WBifKX-Frg7a$"
"laila.gerretsen@edu.tbz.ch"|"P7oiQ1-ggxN%P-pTSGkP"
"ines.bowman@edu.tbz.ch"|"VR%Taw-5yAl3V-dhy%tK"
"publicite.barbary@edu.tbz.ch"|"7rVCEg-aj36$P-BPAxpa"
"mailys.smooth@edu.tbz.ch"|"IOZPd6-FznkGC-SZQcHV"
"mailis.huguenet@edu.tbz.ch"|"rgSf3V-u&2VB%-FgssnY"
"lea.ewer@edu.tbz.ch"|"@qHeOZ-fkU8EG-8fL4AZ"
