"mail"|"password"
"melodie.vandervlies@edu.tbz.ch"|"6&UbNQ-wR1hna-pW1g7w"
"angele.edgecumbe@edu.tbz.ch"|"jEO1Fo-Xe0cTI-DOqe3&"
"zhi.andreasson@edu.tbz.ch"|"bJWGPz-$6ZMKf-@Fqn3T"
"judicael.koppeck@edu.tbz.ch"|"2ELhPT-sZtsoS-dM2PxW"
"berengere.capron@edu.tbz.ch"|"ZUv11e-MC7H0I-tm2Ott"
"leonie.brosini@edu.tbz.ch"|"Np3h1h-oFdrMM-i5YiDG"
"venus.garfit@edu.tbz.ch"|"uH3vXC-UnCUGE-zSiLzQ"
"melina.janota@edu.tbz.ch"|"@VB3uu-WW@y%A-F6VNTE"
"laurene.bake@edu.tbz.ch"|"zi#ESy-clvBAl-OAxsMu"
"regine.dorkins@edu.tbz.ch"|"3n0i4h-bsdOUK-sxEqER"
"cecile.moffet@edu.tbz.ch"|"vwIZAm-lxCUm@-pLjlvC"
"maelann.labrone@edu.tbz.ch"|"mU17&G-ePDmwr-kGg36x"
"melinda.newbold@edu.tbz.ch"|"oLrhQq-cBmd6b-ZseT8t"
"mans.itzhak@edu.tbz.ch"|"m1GyEC-VO4nm@-pdto9l"
"melodie.pattlel@edu.tbz.ch"|"YRSquv-KkY1Y%-56%psZ"
"celine.bonett@edu.tbz.ch"|"aB7HS#-3z$ZaX-M0hdq3"
"adelie.mcgreal@edu.tbz.ch"|"5XsKly-4Ki89f-ru5y8k"
"helene.soldan@edu.tbz.ch"|"Rgcb25-Lpv1dy-JrSG8&"
"michele.cluer@edu.tbz.ch"|"&0Oy46-92UDwq-wPb&M2"
"maeline.mueller@edu.tbz.ch"|"5lMyb&-DSVUFV-p2857f"
"maelann.benedito@edu.tbz.ch"|"Gfh%cK-JUANXK-$84GM$"
"nuo.gransden@edu.tbz.ch"|"Kxo2sx-R0NNwZ-iNb9Gk"
"berengere.stainton@edu.tbz.ch"|"rbVypn-2AnkBP-UPMmwx"
"wa.sabater@edu.tbz.ch"|"#kR7nO-PH&aAC-2ldjLV"
"anais.cochran@edu.tbz.ch"|"SYkNL5-kx$tfJ-9C7A9a"
"gerald.bessant@edu.tbz.ch"|"CEQK3k-pC4oml-Dtm5an"
"ruo.coffin@edu.tbz.ch"|"h@8wAi-Hg1%z#-K@Yp&m"
"melodie.mustill@edu.tbz.ch"|"MiE6d8-B4$N4s-@5%Sr#"
"ruo.stanesby@edu.tbz.ch"|"yKJ8xw-dt#wyg-&Cbg42"
"noemie.antognelli@edu.tbz.ch"|"7kFc4c-QiOkYL-sGqEYS"
"maelann.hughson@edu.tbz.ch"|"BXZ@64-h4$jP7-2B64Vg"
"milena.mieville@edu.tbz.ch"|"7q@yXl-4CR57p-s8Imsz"
"mailys.chamberlin@edu.tbz.ch"|"i07DiP-31NChJ-JpZcqA"
"nadege.tomalin@edu.tbz.ch"|"3gGWBk-x2YQHv-g4yIvg"
"oceane.omara@edu.tbz.ch"|"bJTdim-PTWQlM-qSuOdT"
"cecile.aguirrezabala@edu.tbz.ch"|"E3KyeM-CD3kV1-6tI$V4"
"maella.gwillim@edu.tbz.ch"|"yguoIK-52Onbq-ak@r2n"
"lea.mcgahey@edu.tbz.ch"|"9RK%GN-$Ie#Dk-R2rbNO"
"laurene.hagerty@edu.tbz.ch"|"itbfKU-reJmMw-rqkhDs"
"dorothee.link@edu.tbz.ch"|"XdReRM-zO0gS%-M%TkBO"
"clementine.kynsey@edu.tbz.ch"|"aWYP0U-tuMuUg-AeYyrl"
"lorene.smitherman@edu.tbz.ch"|"ot$4ST-gm2Yrl-tlp$wR"
"cleopatre.klulicek@edu.tbz.ch"|"sTHdZF-2w%xjS-0yXCgC"
"laurene.castaneda@edu.tbz.ch"|"yPAHsq-LJ$BFi-8ZdDVu"
"melia.constant@edu.tbz.ch"|"xfS#n#-9K8X6s-0BOwbg"
"lucrece.clunie@edu.tbz.ch"|"8XRjW1-@NkQi3-UrDtQY"
"eleonore.mcmurthy@edu.tbz.ch"|"qLk1Ge-qmCfUZ-JWvBpK"
"melia.bevar@edu.tbz.ch"|"YhXhbJ-sn&bt6-@I$$uP"
"camelia.bontine@edu.tbz.ch"|"YqSzUX-%uIB75-YgUo@N"
"methode.jozefczak@edu.tbz.ch"|"KXEBZR-0BNzCE-0EHLq7"
"audreanne.hinsche@edu.tbz.ch"|"8Ip3%h-9gRxTu-k@6SLw"
"andree.varne@edu.tbz.ch"|"IXBJ9W-RQbldu-G647j0"
"marten.kinleyside@edu.tbz.ch"|"X0rSb@-wPDiVF-3lk2wp"
"esteve.mcewan@edu.tbz.ch"|"@cN25c-VL4aIg-HnVCtT"
"leane.dibbert@edu.tbz.ch"|"5l6Bk0-lu$bkd-pJVmQW"
"ma.thewlis@edu.tbz.ch"|"79g0AE-njs2MQ-xCA&JE"
"clea.djurkovic@edu.tbz.ch"|"u62S&p-SO8JGS-RDn6bu"
"rachele.reburn@edu.tbz.ch"|"iEfwac-rjVj$Q-G9@XM4"
"gerald.gowling@edu.tbz.ch"|"zZnZi7-f5dznI-Nb8t2e"
"cleopatre.jackson@edu.tbz.ch"|"MWYCkt-d9lIu3-azWKN&"
"desiree.haskins@edu.tbz.ch"|"E3aDVw-pcbTjx-gRO3QJ"
"eleonore.longson@edu.tbz.ch"|"E2DZYc-Oh3hE1-dmc9r&"
"leane.dybell@edu.tbz.ch"|"MwJIQg-nHrHZd-Y0SH#n"
"becassine.grzesiak@edu.tbz.ch"|"YL25mP-0GPX%j-mY6eG4"
"marie-josee.pickin@edu.tbz.ch"|"scbeOB-2wOrwW-S#D#@W"
"marie-josee.roxby@edu.tbz.ch"|"I@YZjV-u6OKHT-Xrwrdh"
"leonie.feenan@edu.tbz.ch"|"twCmxV-0gHk#N-EbaTmq"
"valerie.ellum@edu.tbz.ch"|"Ny7jQc-S3BFXy-YOHE11"
"ju.caseri@edu.tbz.ch"|"I9VL7V-vZFuPb-99gObE"
"boerje.strangman@edu.tbz.ch"|"iRYbEc-@$UfZu-sp7fmL"
"beatrice.ghidelli@edu.tbz.ch"|"3%xDPZ-DdYauP-zbanuL"
"da.jablonski@edu.tbz.ch"|"#hfWN1-Q0gJa$-IOsGLY"
"uo.beveridge@edu.tbz.ch"|"pDI#bG-PVviaP-rKbQLL"
"valerie.bestman@edu.tbz.ch"|"Gkj$Aw-FlQxBW-vmZdiL"
"marlene.pohls@edu.tbz.ch"|"qa#@A3-jLKRzP-AivFlT"
"ma.nolda@edu.tbz.ch"|"2vdz2b-5vn@sr-RUDCqH"
"marlene.bisiker@edu.tbz.ch"|"Fhi8tl-j1ooyn-xw$nsi"
"estee.babon@edu.tbz.ch"|"BHeCez-I3MN$z-Dxsljy"
"simplifies.dmisek@edu.tbz.ch"|"iXTQdr-7U5D%f-US63Oa"
"selene.ganing@edu.tbz.ch"|"CRZrlI-qr6rOz-fEeI8Q"
"meryl.penke@edu.tbz.ch"|"qEdUj8-Fq$&X&-388f#l"
"anais.rawcliff@edu.tbz.ch"|"hbPPUH-vCoirI-Ea5bxB"
"melina.andri@edu.tbz.ch"|"CL2OJC-18Opo3-sb&0L5"
"audreanne.fodden@edu.tbz.ch"|"VZyEIk-sXvsY%-4PMywJ"
"bjoern.spellesy@edu.tbz.ch"|"I69PA5-Ee8mB9-LLueVR"
"francoise.summerscales@edu.tbz.ch"|"o2MPT3-f8Qz0T-H8C&9S"
"laurene.ashtonhurst@edu.tbz.ch"|"RhLeRt-LgyGWu-OW26Ks"
"valerie.petters@edu.tbz.ch"|"dwNGpa-e57xSp-NTHOgB"
"anael.spenclay@edu.tbz.ch"|"QBPsz0-$VX%Em-4HOUBw"
"stephanie.keech@edu.tbz.ch"|"EEYgaF-cFgC0j-9zl2vP"
"ines.deveril@edu.tbz.ch"|"0IQk5k-fq56FG-U3%8e@"
"berenice.gelder@edu.tbz.ch"|"Uv1#rd-tXQ7Ae-O42AMI"
"melanie.ofogerty@edu.tbz.ch"|"GoT@qF-It%$bf-p2MvGY"
"frederique.canepe@edu.tbz.ch"|"IWOJdP-$A4tlh-yJ6XvR"
"nuo.otton@edu.tbz.ch"|"K2ake3-uk1Mzu-1tcjnD"
"genevieve.trusler@edu.tbz.ch"|"b$78bI-Sg$JDp-&$zYhX"
"ju.boag@edu.tbz.ch"|"tdjt7w-AHEFUs-KPTUKy"
"josephine.dilucia@edu.tbz.ch"|"MJJUSz-R9$h2R-Cr%fwH"
"laurene.armsden@edu.tbz.ch"|"XL6eHX-iL3iGp-bxHga9"
"becassine.griffe@edu.tbz.ch"|"ND75mg-5UVWe6-YzxB#f"
"alois.parres@edu.tbz.ch"|"Wk4624-m@Azlr-oedYuW"
"cleopatre.gaffey@edu.tbz.ch"|"sub3LB-cqTjFH-kyL3AQ"
"andre.stiger@edu.tbz.ch"|"3Es@Pr-OTu9UQ-V8vNW0"
"beatrice.godleman@edu.tbz.ch"|"&LcxrC-#A72BQ-mp02kb"
"hakan.harrhy@edu.tbz.ch"|"jMxeCJ-LxjSJ4-RC46wh"
"celestine.dagnan@edu.tbz.ch"|"nrL$Ar-MaInSt-&wlWZt"
"clemence.haggart@edu.tbz.ch"|"VPyq54-d%t4YJ-er51Sx"
"long.caban@edu.tbz.ch"|"AVbE$&-Oj$cw%-tO6bCL"
"gaetane.grimble@edu.tbz.ch"|"63yuWq-xiOt4Q-kW@wVo"
"maelann.piwall@edu.tbz.ch"|"i#nGfh-PWbLtu-4WpQOR"
"magdalene.loble@edu.tbz.ch"|"FtqNN1-yWKcQu-5V2Mqa"
"veronique.domaschke@edu.tbz.ch"|"Sv%xpT-dQujeC-8dmAPC"
"clea.herity@edu.tbz.ch"|"h&t$4H-oEfI#i-51eJ4H"
"maelann.bambrough@edu.tbz.ch"|"g7fLh@-2xuu0A-3KZZLB"
"clea.goulstone@edu.tbz.ch"|"Y1t#L1-ZVG7uq-B#puIC"
"renee.deleek@edu.tbz.ch"|"jLRoiC-o#pLpH-DTzfUd"
"boerje.rudderham@edu.tbz.ch"|"S2knjn-hetl4A-eUqbbl"
"marylene.broune@edu.tbz.ch"|"SfuH8T-G2T1K@-85Wgr#"
"nadege.mccuish@edu.tbz.ch"|"ofh5MR-bZ239$-JI227G"
"anael.littleover@edu.tbz.ch"|"k%fLK#-6YhCpZ-L465AZ"
"lie.baume@edu.tbz.ch"|"Txx1Ti-GM&6aR-#TlCGI"
"maella.murrow@edu.tbz.ch"|"@0%o8#-SxWp1p-3$KtvU"
"cleopatre.pettifor@edu.tbz.ch"|"EQM&fz-ZGfGJL-3V89$o"
"geraldine.asker@edu.tbz.ch"|"finBi@-IDQEsm-jgDELP"
"gaetane.smedmore@edu.tbz.ch"|"4KBaVs-V%L#oQ-ceSdQS"
"meryl.blencoe@edu.tbz.ch"|"0xhgJB-x%Xg2c-KcNZak"
"aurelie.chastaing@edu.tbz.ch"|"A#&fsX-O#RbWY-exaLQO"
"oceanne.marthen@edu.tbz.ch"|"WyHufl-7Hk9Fr-JghnZk"
"dorothee.burrill@edu.tbz.ch"|"wefk1b-KAJqM@-@ZswIc"
"hakan.belden@edu.tbz.ch"|"7Gbjxf-&8X%SL-hbS@Tu"
"celine.brunning@edu.tbz.ch"|"#w%dak-ejlLEp-@kPZuQ"
"anael.lapides@edu.tbz.ch"|"k&hmIE-UNWlez-HKHf5a"
"ruo.saffran@edu.tbz.ch"|"5NSCEq-NugasZ-jjrV0O"
"loic.gerretsen@edu.tbz.ch"|"gDxfDs-DH@xXG-swvwLS"
"rui.fitzer@edu.tbz.ch"|"C0zzz&-EQ2Cij-TxaWS2"
"annotee.ogers@edu.tbz.ch"|"urQ@wX-zce7mo-MjXO71"
"boerje.bindin@edu.tbz.ch"|"a98azf-L#gUkR-4E@&Nu"
"ma.cronchey@edu.tbz.ch"|"rAK23I-$ddUNK-PukBv0"
"laurelie.baiyle@edu.tbz.ch"|"Ze6Gy8-NaLq$6-8aOYL5"
"dorothee.older@edu.tbz.ch"|"JKo4ca-4EB5lo-&MlIE$"
"laurena.wile@edu.tbz.ch"|"ELCh#o-0#VHgS-tvXbpG"
"clemence.brito@edu.tbz.ch"|"0MesQL-S&h$%N-0#FitK"
"nadege.dallin@edu.tbz.ch"|"jnpr06-q9f44O-vQLHWV"
"mailis.matley@edu.tbz.ch"|"wj%VRO-aX5&mq-n2ygmV"
"daniele.screaton@edu.tbz.ch"|"HDjALN-S1pEJ%-kHp8py"
"mediamass.godly@edu.tbz.ch"|"MxItm3-6gxkhc-WL%XiX"
"leone.kremer@edu.tbz.ch"|"EqZ$5o-TT3il3-xUc61f"
"asa.adrian@edu.tbz.ch"|"8%eGpT-8a24dH-yYvq6j"
"adele.doley@edu.tbz.ch"|"%P12rM-$NsApU-VEQHxP"
"fei.sidney@edu.tbz.ch"|"jCfU8$-tkxziy-hknycI"
"marie-josee.walisiak@edu.tbz.ch"|"oOZm61-rW6U%U-j%ft3q"
"desiree.diplock@edu.tbz.ch"|"J6#n&n-%3bzQy-HFcW&s"
"gisele.schust@edu.tbz.ch"|"1q&mYq-Lh2N3#-drJfaG"
"ma.longshaw@edu.tbz.ch"|"pwOj@I-y$rbcv-uXBWoV"
"da.boother@edu.tbz.ch"|"l@pZlX-yFGiYC-rdp6#Q"
"simplifies.chaudhry@edu.tbz.ch"|"BPS7rc-IZejvH-3Mu4fZ"
"garcon.baniard@edu.tbz.ch"|"Lotee8-utc6$9-8fnYWG"
"gaetane.elphee@edu.tbz.ch"|"DQoR9I-BGaj6#-q%%CdO"
"gisele.hassey@edu.tbz.ch"|"y1oHlC-1&wfeP-axH%LI"
"oceanne.booley@edu.tbz.ch"|"z0Dpf&-#ww32&-YffdjE"
"oerjan.dibden@edu.tbz.ch"|"3krWLM-Iw5edA-eqykb4"
"regine.ocleary@edu.tbz.ch"|"ywQu3o-YsliYR-7eDpm&"
"selene.persse@edu.tbz.ch"|"$MF198-LKhPCL-Nur2uN"
"helena.adenot@edu.tbz.ch"|"wmACj0-pEQIXH-vVg8B5"
"maelann.wassung@edu.tbz.ch"|"#r4wlS-@dG4MF-aLQglk"
"frederique.ackermann@edu.tbz.ch"|"gXId48-cZc#Nn-uYEC&w"
"audreanne.kahen@edu.tbz.ch"|"HfvD%T-$KJMlB-W%DZlP"
"maiwenn.lasty@edu.tbz.ch"|"vwACNz-FGdGKX-WZsZ64"
"yu.dictus@edu.tbz.ch"|"9rIW#v-rWfuvv-5vH5Bz"
"anae.dukes@edu.tbz.ch"|"8Ixb7s-3k%zIQ-e4is#8"
"yenora.warr@edu.tbz.ch"|"e%rm5$-Gtc#Z%-nIFXyJ"
"esbjoern.archibold@edu.tbz.ch"|"&PzqnX-DV7SJB-H0f@iZ"
"milena.pardal@edu.tbz.ch"|"UQxDtj-kf%$My-SzlkfS"
"celestine.graveston@edu.tbz.ch"|"TaIU%g-6J6rxd-#@Mwf&"
"maena.dallas@edu.tbz.ch"|"y#7CVk-R@3&Kk-sGNNSE"
"andree.tuke@edu.tbz.ch"|"t2fZ6@-Bh4#N8-iaTcuv"
"methode.seldner@edu.tbz.ch"|"ku7$l1-b8ZA38-AIyU%1"
"venus.bullas@edu.tbz.ch"|"clCBXX-9FdE5x-PsDftl"
"mans.aguirrezabal@edu.tbz.ch"|"b46xMv-5kT37J-xapbpm"
"gaelle.eadington@edu.tbz.ch"|"1w#0di-s#$MSq-Qtxj#k"
"anaelle.falkner@edu.tbz.ch"|"Yj8&WU-8VlONV-%K23oH"
"ophelie.height@edu.tbz.ch"|"CEXC2D-N5WgsL-@pSHus"
"marten.bolding@edu.tbz.ch"|"fw313t-aoOyPI-kgr29Q"
"pelagie.guswell@edu.tbz.ch"|"I0HOj2-cNvfuO-yRX68r"
"gwenaelle.lecount@edu.tbz.ch"|"8C6MlO-n24kpN-d7UnE@"
"hakan.laden@edu.tbz.ch"|"CeL0L&-yrZUEf-oZt&VD"
"marie-josee.hylands@edu.tbz.ch"|"&ivqSH-xfSeTW-@cnrH#"
"zoe.kingshott@edu.tbz.ch"|"K9xxGX-CDAtvu-xxN4$I"
"josee.janous@edu.tbz.ch"|"CEEREA-udkmcl-DI&xwq"
"laurene.gallally@edu.tbz.ch"|"m#vafs-CmhHhH-Jmv4Uy"
"anael.bickle@edu.tbz.ch"|"sVEFcy-RuV&S4-VjhDJM"
"mediamass.lebbern@edu.tbz.ch"|"8$zrNj-ZgmBsc-KZBit%"
"berengere.hovy@edu.tbz.ch"|"%wxABb-s8Sup3-T1gsgs"
"oerjan.kilmurray@edu.tbz.ch"|"oJ3RZT-$a#itv-XQB$NS"
"asloeg.venny@edu.tbz.ch"|"au#i9d-MrSwim-gocOH1"
"marie-noel.stoad@edu.tbz.ch"|"RZ9#3T-l&ndi3-ii2@dp"
"hakan.pettifor@edu.tbz.ch"|"PAceEb-@f8Ksx-5G&xGT"
"maella.willgrass@edu.tbz.ch"|"x3TPUd-P8Zv6B-DQvYMB"
"therese.ludovici@edu.tbz.ch"|"8MWzyN-sPICgv-jz#uF5"
"stephanie.trewhitt@edu.tbz.ch"|"4#q$#2-LkjICo-65S6T2"
"maerta.bauduccio@edu.tbz.ch"|"k9QY3s-KKs3Ar-&%RWUZ"
"gaetane.glaisner@edu.tbz.ch"|"u65RtT-67rsQQ-pMJD3X"
"naeva.pargeter@edu.tbz.ch"|"To6tEm-FD24@f-w2g9pR"
"salome.venable@edu.tbz.ch"|"CFSXPv-vz%KJW-$pY7G@"
"boerje.thickett@edu.tbz.ch"|"ibgQx$-E6XDXD-49CMz@"
"lucrece.prendergrass@edu.tbz.ch"|"C#eBYj-7bBzks-bYF1M%"
"laurene.ockleshaw@edu.tbz.ch"|"J@605&-duakzQ-X3ObDo"
"cecilia.pasticznyk@edu.tbz.ch"|"@2ey#X-5AdxL$-@DkVXF"
"stevina.mackey@edu.tbz.ch"|"9lEvlC-M##kVq-ryxK@I"
"marie-noel.reven@edu.tbz.ch"|"KSPbyz-0NrZ81-%asJFo"
"melina.quilkin@edu.tbz.ch"|"2%ifKS-1WJRBA-QN#7ur"
"marie-noel.ferrie@edu.tbz.ch"|"FWRNF8-T6t4oo-76VU69"
"leone.alphege@edu.tbz.ch"|"%w3Y%u-mTv%n2-%iR6fE"
"zoe.leverson@edu.tbz.ch"|"DGdb%2-IaPs1G-t&dXBJ"
"annotes.grayne@edu.tbz.ch"|"hkNEkG-kEmHLy-6U1hi#"
"faites.lalley@edu.tbz.ch"|"I4Yr6v-UMMM&k-iH2NNi"
"adele.wallis@edu.tbz.ch"|"boR8Xf-SHo2o@-04$mL5"
"severine.madill@edu.tbz.ch"|"q#ltQB-BVxMZu-y3bY0e"
"valerie.tebb@edu.tbz.ch"|"rQCEjI-YRWz#h-3%KOMJ"
"kalliste.rasper@edu.tbz.ch"|"asM5xq-68i9J&-V5IuS#"
"audreanne.palomba@edu.tbz.ch"|"SM87rN-8&nC8&-DgTtc$"
"elea.adamik@edu.tbz.ch"|"ELs0dV-f43pjn-zoJ4Sh"
"reserves.jakuszewski@edu.tbz.ch"|"5kVb03-IW#HfT-qlG1GP"
"athena.belhomme@edu.tbz.ch"|"m4a%wf-GjwIkm-5fyyXr"
"rebecca.crippin@edu.tbz.ch"|"@3ty@q-EFSNsG-gypTd2"
"maiwenn.curman@edu.tbz.ch"|"5f#m&X-0J$bkV-GO9zx@"
"andree.bunner@edu.tbz.ch"|"#IlvGu-@cr1wx-thRdhd"
"ruo.winckles@edu.tbz.ch"|"p1a%c&-ThBucA-yALRPo"
"naeva.buntine@edu.tbz.ch"|"RwXuWt-#q@kE3-Cf%fYo"
"boerje.dollard@edu.tbz.ch"|"xF7Zso-L2KQ6e-Og@5qr"
"penelope.gorman@edu.tbz.ch"|"WN2p$2-pTcdI4-3HFk0B"
"alois.robelin@edu.tbz.ch"|"&oppzN-YeVBsN-9WkzOY"
"anaelle.tindle@edu.tbz.ch"|"@6s48S-o2447N-Y0bg1u"
"ye.frears@edu.tbz.ch"|"4tbFfw-BGVlp&-5zS&G8"
"andree.ovid@edu.tbz.ch"|"x2OM#s-119Bfs-7g3ss5"
"hakan.peat@edu.tbz.ch"|"rx5SEe-vZRbFW-NbuKAm"
"andre.januszewski@edu.tbz.ch"|"BGG$$R-ge4Ef1-Xz8&&1"
"annotes.clemmett@edu.tbz.ch"|"xt2iSv-OQOE1W-M6cwMP"
"pal.lambswood@edu.tbz.ch"|"m96ruU-Jutl&A-hWLr1y"
"yao.lenton@edu.tbz.ch"|"hzY6rY-IimH5g-pqYZg2"
"hakan.boyton@edu.tbz.ch"|"hPdXUp-xr@f@J-vkXDsC"
"nelie.forsey@edu.tbz.ch"|"dXlAtd-TZ#job-SKhgrc"
"hakan.horche@edu.tbz.ch"|"R8B5$h-M2s8Wg-qv6kKa"
"lorene.sinkings@edu.tbz.ch"|"jNPJRr-BrUhtG-P6ejkH"
"marie-therese.creddon@edu.tbz.ch"|"IIrBPb-8t08oh-%UdMhL"
"berenice.tolworthy@edu.tbz.ch"|"wvKHH@-DNDxIG-YOcJjF"
"theresa.land@edu.tbz.ch"|"k1%zsB-a%ybwh-GjLqSO"
"marie-therese.gianilli@edu.tbz.ch"|"jKOvL%-$lTN@u-8y9U2R"
"meryl.glew@edu.tbz.ch"|"KGlFuH-uUjjQ@-yIzBSo"
"adele.debling@edu.tbz.ch"|"AvHO#K-s#iRtv-KwShtN"
"anae.metzke@edu.tbz.ch"|"Xg3@DF-My3BEw-#OklvF"
"gaetane.gooden@edu.tbz.ch"|"n35GqF-czyr2D-HBIuc2"
"laila.bootland@edu.tbz.ch"|"HnaMZI-BpqUsx-h99LUy"
"maite.helsdon@edu.tbz.ch"|"gXebWE-mHPpaE-Z&8b#N"
"andree.malley@edu.tbz.ch"|"l%oZ$h-oQA#6F-xj2hUA"
"pal.simmens@edu.tbz.ch"|"nCedf#-SRtn7w-0OKEBW"
"maelys.nuccitelli@edu.tbz.ch"|"2l17qW-WhIu8U-dn#jNg"
"dafnee.sibary@edu.tbz.ch"|"Vx8#1x-BoQ&X6-ieHlle"
"alois.harsnep@edu.tbz.ch"|"AGdSq4-FVMr#C-klw$Uu"
"marie-helene.lacky@edu.tbz.ch"|"ujf%kQ-sXo@YO-pQAQeI"
"mylene.youthed@edu.tbz.ch"|"#5OyA1-YOE36x-sTOvR%"
"marie-helene.dehmel@edu.tbz.ch"|"qjLcNz-2eaX0O-7lwoXF"
"angele.batman@edu.tbz.ch"|"h0vmHD-6Or#yT-j9ec3H"
"melia.younghusband@edu.tbz.ch"|"qlbSTa-GBFqeo-AvBcfT"
"eloise.baldi@edu.tbz.ch"|"j&rcmF-3N4Pky-ZdFLGH"
"illustree.dun@edu.tbz.ch"|"4Kkcof-jGmZin-Br09OE"
"genevieve.late@edu.tbz.ch"|"zQo@Tf-PsyF&u-DFwX4K"
"celestine.colville@edu.tbz.ch"|"RIW2Ij-QeNbkm-lBy%Y5"
"gwenaelle.scarlon@edu.tbz.ch"|"JmLTSO-tA6AQh-kJMDK5"
"regine.boddie@edu.tbz.ch"|"CCjAPr-emnnrl-#Q2mzM"
"creez.gaughan@edu.tbz.ch"|"bjwOcW-GMO6dO-6qDu3o"
"gaia.longford@edu.tbz.ch"|"xkyux5-117eWV-s%itZA"
"mailis.buckby@edu.tbz.ch"|"XQOk9R-5tXKLA-jHcV3A"
"song.parbrook@edu.tbz.ch"|"%NcvC&-aa4C76-rvQLi7"
"frederique.heddan@edu.tbz.ch"|"GaKVAy-%RckCc-iCv6Ay"
"ake.kirtlan@edu.tbz.ch"|"s$c$fY-lFUxBS-xU0@f$"
"nelie.runciman@edu.tbz.ch"|"vDzbzV-EjwPtT-aOGOG%"
"mailis.cardnell@edu.tbz.ch"|"lsB4n$-kK7b5Z-&N&27h"
"irene.navarro@edu.tbz.ch"|"3bRbSg-1a@Qpr-d29bQ5"
"maite.cough@edu.tbz.ch"|"hv63j&-ZBq7N@-%0NDR9"
"anaelle.stocky@edu.tbz.ch"|"fKRbO3-nI$Vrw-IkrAnC"
"methode.moulder@edu.tbz.ch"|"UZrQY#-I1fbiY-#p&ZHC"
"po.stafford@edu.tbz.ch"|"xjNqXa-676LkZ-FK&8lc"
"faites.scraggs@edu.tbz.ch"|"uXiAa#-34x1ZA-zBacw7"
"adelaide.dullard@edu.tbz.ch"|"&F3%a3-$4zxDa-YER1RK"
"desiree.leonard@edu.tbz.ch"|"PDbaZS-c&D2IJ-IzBg#9"
"geraldine.badgers@edu.tbz.ch"|"$WW0&K-u4nvr8-j#RzXZ"
"ruo.masic@edu.tbz.ch"|"gFLAiO-2EHue@-fsA0rY"
"aurelie.lieber@edu.tbz.ch"|"g9w71t-sHpXEK-1q60BP"
"naelle.balcock@edu.tbz.ch"|"L5m0QR-5x1y#i-LYcLox"
"camelia.elger@edu.tbz.ch"|"cvBZ4R-oTmr31-uKqDK3"
"publicite.oakeshott@edu.tbz.ch"|"T$NShQ-u7nxzA-H7a@oG"
"cleopatre.fawley@edu.tbz.ch"|"5ODTDC-D%McSP-L1ZmIE"
"laurene.bruckmann@edu.tbz.ch"|"2%B87o-wO8Fus-qt8ORw"
"rui.haughton@edu.tbz.ch"|"vtwp06-ArqM%G-xsIb2Q"
"asa.ladewig@edu.tbz.ch"|"Sh4a8O-NSmky$-eL2&av"
"gisele.janecek@edu.tbz.ch"|"mkKPuJ-963r1w-g4EkuS"
"maily.loveridge@edu.tbz.ch"|"Wv$xEK-NftFYT-MygKGf"
"marie-eve.yurkiewicz@edu.tbz.ch"|"ha5WZ8-9VCt9u-ukoiX8"
"fei.roder@edu.tbz.ch"|"gO5c62-fLQr%0-AQN5v6"
"edmee.chatburn@edu.tbz.ch"|"2gpDK8-TH&VcA-5C9KVF"
"geraldine.darke@edu.tbz.ch"|"g7Kdc5-XJslWw-lHv6Ud"
"ye.jira@edu.tbz.ch"|"8cq20g-eQHM%p-M@hEAd"
"publicite.persent@edu.tbz.ch"|"wrv$DI-PGkDVt-nLtR6c"
"severine.wilcox@edu.tbz.ch"|"Frckyp-qj4ZOU-Wv6$Sa"
"yao.mcclaren@edu.tbz.ch"|"ce3UGm-$WXxNA-5hnuIZ"
"theresa.foynes@edu.tbz.ch"|"QImUZY-fiKf@E-nDTVnE"
"stephanie.isley@edu.tbz.ch"|"%MDBbB-7YzQey-S9fpIY"
"torbjoern.growy@edu.tbz.ch"|"el#H$B-rSqy$O-g@f36t"
"eloise.tunnadine@edu.tbz.ch"|"G4#tRm-9%US4L-D0y#46"
"maeline.cossentine@edu.tbz.ch"|"hGWDv5-yPwh%k-G34Ouj"
"nelie.desantos@edu.tbz.ch"|"qkc1xo-z848F4-bz%Zx4"
"gaetane.axston@edu.tbz.ch"|"MYMmD%-824QnX-0FxSEb"
"aimee.merman@edu.tbz.ch"|"6PsszA-eXil9m-y7EAGS"
"oerjan.drivers@edu.tbz.ch"|"DWfyr4-lvRvuJ-4a#jrj"
"aimee.miroy@edu.tbz.ch"|"XQ61GN-bzPz2H-WjJYpD"
"nelie.glyde@edu.tbz.ch"|"K5tU9R-epSY16-Kt3NWd"
"hakan.kapelhof@edu.tbz.ch"|"SE4VoF-EIqqp%-RzBov&"
"maelyss.cauley@edu.tbz.ch"|"INS3TI-fnHttB-DRGqzg"
"elea.vaggs@edu.tbz.ch"|"51kBvc-4Pxpo5-5kdVte"
"maelys.but@edu.tbz.ch"|"zwzQG2-rA#rL#-gdYOkf"
"maella.arthurs@edu.tbz.ch"|"aey6#u-65J@k2-biX$oX"
"adele.liebrecht@edu.tbz.ch"|"PzFEwl-kRpl7g-Qu2gVr"
"meline.lomasny@edu.tbz.ch"|"GvAV9q-pjbcl2-fYeiNn"
"mediamass.schwant@edu.tbz.ch"|"9zT76$-mVA@hD-ymKtuv"
"leone.saunt@edu.tbz.ch"|"vh4n1L-mqcX4I-#%QHQi"
"annotes.gouch@edu.tbz.ch"|"FX3N@a-6$fs$7-0koQ6l"
"gaetane.bowich@edu.tbz.ch"|"@7i5Rf-CbyHP$-b34vME"
"alizee.strelitzki@edu.tbz.ch"|"a7XQS9-SYOcUp-R0FaYL"
"leone.poile@edu.tbz.ch"|"nyEwL1-Nd5v4C-X6skZi"
"amelie.saban@edu.tbz.ch"|"e7pyAZ-F4zfqW-WVP241"
"marten.mcmenamin@edu.tbz.ch"|"UQPKsb-l3ALnn-PmO%L8"
"becassine.keets@edu.tbz.ch"|"w@0YtB-a%RGfx-rfiIz$"
"celine.million@edu.tbz.ch"|"RzYYg9-4EV86$-tiTnXC"
"geraldine.belitz@edu.tbz.ch"|"MpRazn-SK4PpL-py6gfx"
"salome.mardling@edu.tbz.ch"|"5v$YcY-l4I@CL-avW&Rc"
"melia.blakemore@edu.tbz.ch"|"8czLGF-m3N4qy-hdT7Yn"
"dafnee.mcaulay@edu.tbz.ch"|"&yMnNF-7TUnij-AKVygl"
"garcon.dennett@edu.tbz.ch"|"RFKx&A-elNiL2-awSoCK"
"interessant.lesor@edu.tbz.ch"|"dB@f$8-bl6Lh8-73Iz@b"
"annotee.wasbrough@edu.tbz.ch"|"ewgI#u-SRcdZm-7Hfc%Z"
"asa.ibbeson@edu.tbz.ch"|"od%KEm-tSQRhT-Pap$OH"
"maily.kennealy@edu.tbz.ch"|"Z0%vts-2m@4EX-dIKwvq"
"ye.seares@edu.tbz.ch"|"8RaHu7-%13Km5-DzuZtc"
"athena.harbron@edu.tbz.ch"|"2BnyzY-yZww96-4x0V2R"
"andreanne.portail@edu.tbz.ch"|"I$h&LT-nHuyHB-e7uv7k"
"goeran.zannelli@edu.tbz.ch"|"vCwa&5-vIaYUs-03k8mt"
"gerald.leathlay@edu.tbz.ch"|"mNRyV%-V5MQYr-POae6V"
"andreanne.chown@edu.tbz.ch"|"5S7%FC-b96e@s-EDteNg"
"esteve.clementel@edu.tbz.ch"|"jlwm5x-P5NASp-wvCIRq"
"leone.legan@edu.tbz.ch"|"KoffWi-slBy69-galr&Q"
"maena.pownall@edu.tbz.ch"|"xFc7iX-yU#%9A-xz#9qi"
"andree.rettie@edu.tbz.ch"|"2KDM9y-zFGmjs-BsWcir"
"ines.kenwrick@edu.tbz.ch"|"boB8K$-33zJSE-V8qNPS"
"marie-helene.yarnall@edu.tbz.ch"|"TmeZ$h-#B2ojX-9pirsy"
"po.martin@edu.tbz.ch"|"0O0&O9-LZ341I-AI@ca5"
"ruo.celiz@edu.tbz.ch"|"rZBwCv-bgTlhG-CPHS7M"
"po.bissett@edu.tbz.ch"|"LkpZsp-3qtNpe-8#pJXV"
"du.swindon@edu.tbz.ch"|"HWS78D-n7CS76-4xtAOd"
"interessant.gouldthorp@edu.tbz.ch"|"IPCP7V-nB8hK%-IuthRG"
"leandre.lilburn@edu.tbz.ch"|"7Ni4Yk-jZbYLd-2E@JKz"
"bjoern.whales@edu.tbz.ch"|"uOgbRB-61K&oo-y7tirH"
"interessant.dieton@edu.tbz.ch"|"JgELCh-YeQ0nS-HzVFhP"
"celestine.redhills@edu.tbz.ch"|"FwFiUC-7qUofB-Lg#eNK"
"tan.yakovlev@edu.tbz.ch"|"$dPojk-xZmttv-CWqgBr"
"regine.mcdowell@edu.tbz.ch"|"&flxb#-HIhhXO-Ho2xjZ"
"ju.coysh@edu.tbz.ch"|"b#Z%N@-uZUO6$-#sIubj"
"reserves.ofallon@edu.tbz.ch"|"DnGS2#-1aRJJ3-IMDoSV"
"frederique.sobey@edu.tbz.ch"|"i21Imv-lHtzxA-hddKZt"
"marie-eve.garstang@edu.tbz.ch"|"@LMHpA-rdvPqq-KvD1Rv"
"andre.tapin@edu.tbz.ch"|"hSG%iJ-DwLkq8-IPS@sm"
"esbjoern.eynon@edu.tbz.ch"|"tpgb&Q-H%lGtE-oH3g6M"
"maella.duffy@edu.tbz.ch"|"7YGL4s-Ce#1Jw-Ii@&PU"
"leandre.twinning@edu.tbz.ch"|"f6r3O6-dTHEw@-W@buol"
"mai.whittingham@edu.tbz.ch"|"VSCbxN-#emlgW-zdSAV7"
"rachele.shevelin@edu.tbz.ch"|"qj4p&6-rM6FyC-3fh9H$"
"cecile.mcure@edu.tbz.ch"|"40IJb%-mDixXo-h8uoU4"
"marie-eve.yurkevich@edu.tbz.ch"|"jsik&L-w43zP6-&Ak@pT"
"almerinda.paice@edu.tbz.ch"|"wak7ic-wNrlxt-btzqyl"
"rao.howkins@edu.tbz.ch"|"&&jn4N-ne3%R&-BYQHSY"
"serena.pack@edu.tbz.ch"|"uHOwbx-jU868V-EtyGsB"
"rebecca.mant@edu.tbz.ch"|"cBHgh9-rK5zLc-Hvc9QK"
"reserves.spitell@edu.tbz.ch"|"baF98W-RQ%gFA-PqolK#"
"garcon.hamfleet@edu.tbz.ch"|"3v$BF0-CvRudY-D5RuAG"
"methode.kerkham@edu.tbz.ch"|"dDqNU#-i#tBcT-zdgKOJ"
"pelagie.camies@edu.tbz.ch"|"rPeR7F-KUhsn@-X5kjDH"
"josephine.macpharlain@edu.tbz.ch"|"p6gb#X-2PkCEg-qugMy2"
"eugenie.mathet@edu.tbz.ch"|"dg%ic#-f5luhp-lxLx4R"
"gaetane.brangan@edu.tbz.ch"|"E%nPx@-Rm9odX-9ESw9h"
"michele.dewbury@edu.tbz.ch"|"F9&eXp-vi5AYK-wqdN2P"
"eugenie.elcott@edu.tbz.ch"|"h$#gLm-&iJ#4u-L&FcB#"
"megane.harniman@edu.tbz.ch"|"%aMWfv-8ef9dn-u@5Q@K"
"agnes.cluney@edu.tbz.ch"|"JbEwyB-2EKnqS-0qr2&c"
"marie-helene.angear@edu.tbz.ch"|"xP4yxf-G4EIrJ-9nhiB8"
"melia.dolphin@edu.tbz.ch"|"EQdMIU-nW&AHF-Ne%a&2"
"lois.ruseworth@edu.tbz.ch"|"rp2Nvw-id@0R7-6X1gC&"
"mailys.ryding@edu.tbz.ch"|"hJUCVO-QbD$m&-&N5TOY"
"rachele.wulfinger@edu.tbz.ch"|"kO@I14-f@a6Aq-3A34FF"
"gwenaelle.talton@edu.tbz.ch"|"kZTFut-sA2e4D-rgX2&K"
"long.ronchetti@edu.tbz.ch"|"HOHx@%-byhAQR-eOWIiq"
"styrbjoern.kloska@edu.tbz.ch"|"SaGIzI-7E63oQ-7VeaS9"
"len.sudran@edu.tbz.ch"|"cJ8%X4-LgYHiW-R1O#dK"
"maelle.andrysek@edu.tbz.ch"|"XuoT7w-JisLSa-4u@wZP"
"selene.senior@edu.tbz.ch"|"TNK8Kn-CeeWnz-kE9yK6"
"anais.joskovitch@edu.tbz.ch"|"iWp&7G-5gFFJK-Y5&eoc"
"marie-noel.dally@edu.tbz.ch"|"auUcMf-oG2L1w-YVhykZ"
"marie-helene.laurence@edu.tbz.ch"|"uZ&TLp-eLom3%-#I5hRv"
"camelia.foxon@edu.tbz.ch"|"ztJPrm-3gouIZ-Ig#Klc"
"helene.cankett@edu.tbz.ch"|"$QWVZs-aPa7EC-yhCEcB"
"marten.mitchelson@edu.tbz.ch"|"mrS$Ut-Vp$RLB-fj5xR1"
"helena.stirtle@edu.tbz.ch"|"G#sZTW-9nCLHT-kfq3tm"
"leane.barmby@edu.tbz.ch"|"M0$EnX-l2O47#-&Oikj0"
"goeran.ofinan@edu.tbz.ch"|"ldHN1F-yQAFdO-pmlDNf"
"styrbjoern.proby@edu.tbz.ch"|"EOFqOf-74H85h-xJl#mp"
"zoe.halse@edu.tbz.ch"|"pYYaGP-JY$zs5-at5mr5"
"kui.drable@edu.tbz.ch"|"EuTwuh-XR1ZmK-#qJTux"
"desiree.bamford@edu.tbz.ch"|"Y@YXzy-3rpvqN-eta@Fk"
"zoe.suller@edu.tbz.ch"|"U%#Knu-@P8QUz-FcfH0F"
"marylene.audiss@edu.tbz.ch"|"P5uS42-SBB%9%-&0z72W"
"adelaide.poznanski@edu.tbz.ch"|"gB6Pzb-md$2ve-m6aTYp"
"maella.coleyshaw@edu.tbz.ch"|"PsP1q2-aE61$t-eiRCSu"
"marie-francoise.gelder@edu.tbz.ch"|"qzOffG-81vPD@-XP6w7T"
"eleonore.chaffyn@edu.tbz.ch"|"2GJfyi-Olrmfr-BfWBVr"
"celestine.sikorsky@edu.tbz.ch"|"iISj9%-i2@1b$-CZXczE"
"stevina.londsdale@edu.tbz.ch"|"pO2m4S-igRY$&-scFTdx"
"maiwenn.nevitt@edu.tbz.ch"|"pUBzO0-yI@gt@-IILLBI"
"magdalene.gerrey@edu.tbz.ch"|"UjbG8m-eP#57W-mN$ZaH"
"becassine.latimer@edu.tbz.ch"|"gaHpek-O#LoMo-F7BJN%"
"da.lethibridge@edu.tbz.ch"|"b3v0Zz-lSXJJ2-UuG2%b"
"mailys.claige@edu.tbz.ch"|"S3zs37-AjKCJ6-jOUq2L"
"maena.torbard@edu.tbz.ch"|"nAf43Z-U8y63R-%#G2KO"
"solene.lyvon@edu.tbz.ch"|"D%Ye6I-&8yum%-clxnhq"
"marie-therese.benbrick@edu.tbz.ch"|"APEnLs-SUOo6x-CWgpdx"
"gerald.edmonson@edu.tbz.ch"|"4OZQmr-w9Iv#j-nYRiw0"
"ake.messruther@edu.tbz.ch"|"vGB6TC-giKVO#-pkgM0P"
"men.gosneye@edu.tbz.ch"|"G&@UWQ-NYa36$-pu09r8"
"anais.jefferys@edu.tbz.ch"|"SkuKMu-zpoYPk-Hy623k"
"publicite.tregale@edu.tbz.ch"|"tJ%%Y2-bozPns-39c72D"
"maily.santorini@edu.tbz.ch"|"wH#rSr-S&uFLD-SJLYoe"
"ines.pioch@edu.tbz.ch"|"Pu&iFy-BI4YD2-aZn&Aq"
"noemie.marklew@edu.tbz.ch"|"kXC9%T-MPn3U@-1trZMz"
"meghane.maccaffrey@edu.tbz.ch"|"S05S0Q-zPr$6j-DcsQg%"
"berangere.ambrogio@edu.tbz.ch"|"RenP%W-zheZu$-S#BSAa"
"mediamass.ryce@edu.tbz.ch"|"pMA2yT-wL8K4$-ZpoYp%"
"oesten.ubank@edu.tbz.ch"|"%KIu4T-3lfgJL-ut7Dn3"
"melina.mackee@edu.tbz.ch"|"RlI7kZ-VE$QxM-CigmNV"
"theresa.livezey@edu.tbz.ch"|"7lUqS@-bZwF$$-Q$3RlW"
"clemence.weal@edu.tbz.ch"|"c&pOnA-PUWevU-m$RdXX"
"faites.overton@edu.tbz.ch"|"coQsDk-h$lJO2-WdWgF7"
"clea.lindblad@edu.tbz.ch"|"sNNxf0-3SKGor-jI5Mzc"
"josephine.roseaman@edu.tbz.ch"|"%%m2@B-dur7Bw-VcW&Dy"
"oesten.lowbridge@edu.tbz.ch"|"MuRgJ&-#tYAd&-NqRXU3"
"marie-josee.brion@edu.tbz.ch"|"eQnJuF-zdOsVG-l2MNB9"
"therese.basili@edu.tbz.ch"|"G@Hdz4-0Mn8zc-6swszQ"
"melia.vertigan@edu.tbz.ch"|"QGFqz0-4pS#oO-zdXz3&"
"judicael.saull@edu.tbz.ch"|"gUr4%h-Hk$#NW-ZJzAb9"
"selene.valentine@edu.tbz.ch"|"uAw1k&-ZYX5Qw-Zt6SV%"
"verane.dunlap@edu.tbz.ch"|"2x1F2X-6A9pYi-ZTvn4T"
"meline.kinnear@edu.tbz.ch"|"uMYniR-tuT&xO-hnD3kp"
"lei.luttgert@edu.tbz.ch"|"bc6gps-uYkV20-nF$q6b"
"styrbjoern.lathleiffure@edu.tbz.ch"|"BqN$6Y-VMGAGQ-$UAM8y"
"marlene.blasi@edu.tbz.ch"|"VYA4sb-JiZX@b-$Q0koZ"
"mai.begwell@edu.tbz.ch"|"jsb#p3-xsZNrO-qYymPv"
"gwenaelle.kaines@edu.tbz.ch"|"Q43TvM-Hvg9eT-ugcskt"
"gerald.adamthwaite@edu.tbz.ch"|"2PCafR-XJ4cho-hCXXzi"
"kui.hartfield@edu.tbz.ch"|"XLcRDG-W9aXR2-f$3jY7"
"salome.currao@edu.tbz.ch"|"8zzgf4-eV5lZ&-Cujaep"
"angelique.tixier@edu.tbz.ch"|"ODUM3r-&tWu$x-coJuoc"
"ju.mcgragh@edu.tbz.ch"|"ss8y2Q-3fn@Ag-2LQsM1"
"dafnee.beachem@edu.tbz.ch"|"3C%pea-bCU1dT-%9i&Vi"
"creez.terlinden@edu.tbz.ch"|"BTvsTT-rWMR9x-uWJunU"
"uo.mcskeagan@edu.tbz.ch"|"E6jNKc-JodWs9-X5XEs6"
"edmee.mccaughren@edu.tbz.ch"|"4y8Fbr-SocUxW-1XpCW5"
"asloeg.cozby@edu.tbz.ch"|"l9qYb@-E@eOx3-7wa0WM"
"melodie.traite@edu.tbz.ch"|"H3wWmY-0L&NKU-dIPMUQ"
"dorothee.aindriu@edu.tbz.ch"|"vWFP67-&x2ax$-kYHrw6"
"daniele.doley@edu.tbz.ch"|"XLjOuE-ZV@pfO-eH3Jil"
"mediamass.fairclough@edu.tbz.ch"|"nvRD$m-cu@9%R-kRhFK2"
"lorene.rainforth@edu.tbz.ch"|"H2R0um-mK3Gx0-m7iOl4"
"leonore.eyer@edu.tbz.ch"|"9JDexC-aq4X9c-K1mlO1"
"po.spillman@edu.tbz.ch"|"Zh8S2J-qnE%%Q-luk5xO"
"cecilia.plitz@edu.tbz.ch"|"guK2r2-59QxfK-D5BJNF"
"lorene.ludlow@edu.tbz.ch"|"PWD5bu-hZmL%a-YUy3yq"
"berangere.neligan@edu.tbz.ch"|"et#H4v-Fdtvcp-v@g#gU"
"simplifies.huggan@edu.tbz.ch"|"gz9J$4-Kfw@jt-rFV44A"
"clelia.prandy@edu.tbz.ch"|"rW&Tsp-Lp@xtR-JV#iZe"
"ake.osban@edu.tbz.ch"|"VjIswS-zHVfL1-ndVTLX"
"cunegonde.brunn@edu.tbz.ch"|"aU8xLA-Q&HKFo-bvvF3d"
"long.grizard@edu.tbz.ch"|"X6C%AM-xUtXfp-GlsxEb"
"meghane.diss@edu.tbz.ch"|"1DtElP-CE@KI&-72Vxp8"
"therese.oldman@edu.tbz.ch"|"ew0Hjn-LpWKSf-zkmVwY"
"boerje.scamerdine@edu.tbz.ch"|"TT4sDQ-BZ#xkk-qav@T1"
"du.saban@edu.tbz.ch"|"v2fMC9-SbJtdG-S@z3Oz"
"hakan.clynmans@edu.tbz.ch"|"nGgxj8-2wq@3$-Mrubul"
"wa.macdowal@edu.tbz.ch"|"cSLLTY-PzhY@w-z#2NFs"
"venus.hatrey@edu.tbz.ch"|"Lp7Rx0-JygQE6-Zhelti"
"anaelle.vispo@edu.tbz.ch"|"ppmufz-dw$pu0-q6#h@P"
"mahelie.ollcott@edu.tbz.ch"|"qrgtBA-aK$BJn-ZkjuNL"
"mediamass.whyman@edu.tbz.ch"|"@26v%w-wdir1W-BBvAUr"
"esbjoern.basson@edu.tbz.ch"|"yLgUq9-Nw67pZ-t%1P&p"
"andrea.morrill@edu.tbz.ch"|"lF3$Nd-c%0kst-JGzXTa"
"melys.grassi@edu.tbz.ch"|"qj5#8#-e3%8tv-LqZBXy"
"leone.poleye@edu.tbz.ch"|"or#qp%-RfVQI#-OiWqBv"
"francoise.penny@edu.tbz.ch"|"hOfknh-$5UTBg-gnt4sk"
"rebecca.edney@edu.tbz.ch"|"9pI5Wj-VF5lc2-6prdEM"
"adelaide.murtagh@edu.tbz.ch"|"52pw$G-Y8zOuc-eg3Sy2"
"stevina.winterbourne@edu.tbz.ch"|"44l0EK-TfLc@Q-g8G#q&"
"ma.cottom@edu.tbz.ch"|"i%$Rn1-uby@mL-VoS8#P"
"tan.harold@edu.tbz.ch"|"yp@y4S-Zj1%G#-sLzvjw"
"venus.forte@edu.tbz.ch"|"Ijij#g-r71WYo-PsuDbA"
"almerinda.oluney@edu.tbz.ch"|"Umx92Z-#ew8wZ-Eoz$6S"
"cleopatre.brehault@edu.tbz.ch"|"LvGQ7o-qI&w%F-AyN&Yl"
"interessant.lapides@edu.tbz.ch"|"Hhgq@X-kmpOlj-2M7JfS"
"reserves.hallatt@edu.tbz.ch"|"bq7YnI-hAr&wY-$P0MQI"
"annotes.birdwhistle@edu.tbz.ch"|"dl26W@-BB#2IW-JgB#3J"
"ai.dredge@edu.tbz.ch"|"AzcbHk-QKjhn$-JmzBgC"
"megane.mussard@edu.tbz.ch"|"ziW4xP-G9rNwZ-2UIdc%"
"esbjoern.gowrich@edu.tbz.ch"|"bjiGAY-UwqRTm-6GLkxg"
"boerje.brislawn@edu.tbz.ch"|"&@@OGK-J@Ffjv-ZkHRPe"
"becassine.wilce@edu.tbz.ch"|"EiCFBJ-IT&hBk-AVi@$f"
"personnalisee.oels@edu.tbz.ch"|"H3J4#z-0bnw0s-W#y4N&"
"verane.pett@edu.tbz.ch"|"dmuG6t-8mYhR6-PLlC3g"
"marylene.glewe@edu.tbz.ch"|"5Oe@6J-W5ENGF-M2vrjD"
"lai.elson@edu.tbz.ch"|"6e3xzU-yYyeVE-wgUNWp"
"serena.difranceschi@edu.tbz.ch"|"t6#BOu-1#&xHi-QFUufO"
"lie.espinel@edu.tbz.ch"|"OLaXmq-nOawJi-PgdZvU"
"marylene.fantini@edu.tbz.ch"|"AgaPzz-IDp6Ee-ihvSaU"
"andre.archdeckne@edu.tbz.ch"|"QVoxV0-fF&LhN-a4VOKx"
"goeran.bohlingolsen@edu.tbz.ch"|"ZS%zg6-3uhF3H-UW3GxV"
"cunegonde.heffer@edu.tbz.ch"|"grnANt-7Wd4KV-gbTZby"
"tan.fechnie@edu.tbz.ch"|"kCCtsz-Fv8jrm-I32HsD"
"marie-noel.brammar@edu.tbz.ch"|"Lgy7&v-r70UV2-Mmwm14"
"simplifies.aven@edu.tbz.ch"|"ywSpy7-8Rjopu-Fr8hnw"
"melys.pinchen@edu.tbz.ch"|"hKTwWn-tq1V7h-yrEMWn"
"edmee.joyner@edu.tbz.ch"|"dOta%7-VZeb&p-nPagnD"
"berengere.edess@edu.tbz.ch"|"Cz25cL-Gmv3s0-wjRppy"
"marie-noel.goward@edu.tbz.ch"|"6in9&f-R@V7ta-v6mtFj"
"ju.edmons@edu.tbz.ch"|"S2Khn6-PxOVoL-BsD%76"
"frederique.airds@edu.tbz.ch"|"NDTPdI-0eiK4I-WXuj28"
"reserves.dauby@edu.tbz.ch"|"o8vqO$-0K5VyC-uYwZ9w"
"hakan.gynni@edu.tbz.ch"|"wbblOI-LrGzr5-Euzob$"
"leonore.pinwill@edu.tbz.ch"|"U8Poip-11#PIw-Au5sTO"
"marie-eve.mcallan@edu.tbz.ch"|"jT9UzL-0RC#sk-NVuyQq"
"naelle.yeabsley@edu.tbz.ch"|"f8ZD7$-vX@$h9-XlwsZ3"
"nelie.jacobovitz@edu.tbz.ch"|"&VY@Xs-e%VOW8-vxiMIl"
"adele.conelly@edu.tbz.ch"|"549xvB-XYu19i-dVmtuN"
"clementine.dondon@edu.tbz.ch"|"NAOHjT-mgOomx-J0$VTE"
"zhi.willcot@edu.tbz.ch"|"8hJTSZ-uZXtPr-JDL900"
"chloe.janicki@edu.tbz.ch"|"8XqPSo-SJL%ZF-dM9Prq"
"meng.linde@edu.tbz.ch"|"7#rnWT-0lHjS6-G1zKq6"
"celine.janisson@edu.tbz.ch"|"CGG364-GFTy6c-gf8UAx"
"clelia.crow@edu.tbz.ch"|"cjEy2F-XyT68X-sP%WWa"
"cecile.pyott@edu.tbz.ch"|"uYapHe-tF&Xwf-fYuIja"
"ma.fidelus@edu.tbz.ch"|"WwI530-c7VX0#-Q8yo$4"
"marie-helene.poore@edu.tbz.ch"|"982FSA-6fzatQ-&JRKow"
"elies.blanket@edu.tbz.ch"|"0Cl91i-8LjbZ6-GApytc"
"yu.boyer@edu.tbz.ch"|"XcI%3O-W1ALbu-j5n@An"
"celia.welds@edu.tbz.ch"|"EJdlxR-DcncRt-7f6vlF"
"du.gunney@edu.tbz.ch"|"wsQFul-CvPqNP-NAEFzY"
"goerel.crush@edu.tbz.ch"|"I4Oed5-m%fs2s-WXQQRN"
"marie-josee.brosius@edu.tbz.ch"|"&O18DJ-wul#4h-XRX5&@"
"camelia.adds@edu.tbz.ch"|"Gkt5Bb-HkAk6r-xrG8Eq"
"anae.irwin@edu.tbz.ch"|"7qGerf-vdH5D0-X4bqBT"
"cleopatre.skeffington@edu.tbz.ch"|"VY5xL8-TLAZ5y-S7F6lg"
"gerald.suggate@edu.tbz.ch"|"&R#nYc-Mb5P@V-dpXFZr"
"laurene.tailour@edu.tbz.ch"|"OeyWC0-RDcN4J-6tecrH"
"amelie.hoble@edu.tbz.ch"|"eCMt%9-zyf74G-zmwsYC"
"venus.getch@edu.tbz.ch"|"tSYW55-32g2U6-AkQ@iH"
"renee.treby@edu.tbz.ch"|"kbxjxw-G1xhQI-G8CuP4"
"almerinda.stait@edu.tbz.ch"|"&n#pRG-m&jps#-G79ufS"
"andree.reddecliffe@edu.tbz.ch"|"@8Id6U-oGMyLF-xhA1QL"
"leone.wintle@edu.tbz.ch"|"MuF&DQ-Ksfrzt-t0%CfT"
"gerald.fellow@edu.tbz.ch"|"XFDH9g-pkMLmm-wurUT9"
"ju.gudger@edu.tbz.ch"|"xsrz%X-RwUrMc-L0zVg#"
"meng.ohaire@edu.tbz.ch"|"$sin7$-XFBUsD-2iqwij"
"cleopatre.missington@edu.tbz.ch"|"rcTpDp-FpTkm9-CCqRxh"
"annotes.debruyn@edu.tbz.ch"|"g6trsd-Vc%Ye5-ujdEzP"
"gerald.sinisbury@edu.tbz.ch"|"dLxqSu-8RGNaN-%I9epR"
"creez.slora@edu.tbz.ch"|"weSdCh-&tWzR1-Mc$GAo"
"gisele.benbow@edu.tbz.ch"|"GU4uR2-9@HliL-GPmTN0"
"pal.dossit@edu.tbz.ch"|"qtmXSL-%MoKpj-n24Ieh"
"nelie.stirrip@edu.tbz.ch"|"C0$tkI-7WcsjE-q4b8A#"
"alois.ocrigane@edu.tbz.ch"|"wJ7@ik-hayuxn-D2k#GJ"
"kui.mcterry@edu.tbz.ch"|"T3kYk1-7YI5VL-IsyDVf"
"long.willgoss@edu.tbz.ch"|"u8S2Qd-XP91aL-SBDbdO"
"francoise.sumpner@edu.tbz.ch"|"NeDH5k-LR9e%Z-5uBcvF"
"maely.grinstead@edu.tbz.ch"|"Lr2W60-r2pxCE-y#uzuk"
"creez.langeren@edu.tbz.ch"|"wtfGvY-Sk1%qp-NRvgmn"
"adele.dungate@edu.tbz.ch"|"Cz@9GK-FeQG%j-y1frl5"
"cleopatre.noirel@edu.tbz.ch"|"xjbQIc-96exDr-T35N0Z"
"interessant.daverin@edu.tbz.ch"|"ukJVHR-uu6qdc-iTEKha"
"naeva.kalderon@edu.tbz.ch"|"@#B4T%-3403eO-abLc7j"
"anais.oshesnan@edu.tbz.ch"|"4KKN#l-XjGT36-wpOoaV"
"judicael.anelay@edu.tbz.ch"|"fNObj&-lTjlzK-H5dYo4"
"eloise.braxton@edu.tbz.ch"|"c&cD2I-fWAcsG-CJ0Srq"
"desiree.greguol@edu.tbz.ch"|"hhE&rw-j@YpdR-NEkr9u"
"maite.mcclenaghan@edu.tbz.ch"|"uZ36G9-I9bN46-W5piVA"
"meng.doret@edu.tbz.ch"|"l2aqxI-PsLpWF-XDYJU&"
"frederique.chippendale@edu.tbz.ch"|"34@%E7-4X2YFB-GqAP%h"
"andreanne.lanney@edu.tbz.ch"|"fvV77s-J8ShcE-E%LOIR"
"aurelie.claus@edu.tbz.ch"|"y2lwwv-76aWjP-D6Q%7%"
"renee.pabel@edu.tbz.ch"|"NdpPGR-ena8KZ-o6Lyse"
"maena.roust@edu.tbz.ch"|"wacNIU-RoG39J-RTXxD%"
"nadege.carwithim@edu.tbz.ch"|"4f4&U2-G0hj$c-uFfR8F"
"solene.geyton@edu.tbz.ch"|"q8C@PY-qqce2s-sXnua5"
"dafnee.avraham@edu.tbz.ch"|"lbL5wK-2nQYQJ-76$cQO"
"leane.woolvin@edu.tbz.ch"|"f9QL&W-EqiMH9-fWGjMQ"
"adele.macadie@edu.tbz.ch"|"BY#wG2-4uLSAv-BxKS%U"
"meline.rubica@edu.tbz.ch"|"y%nChJ-67csuQ-mQ%BL6"
"marie-noel.speeding@edu.tbz.ch"|"AS40I&-5o&32j-SvGAEj"
"nelie.mix@edu.tbz.ch"|"WI%dZ0-khRXG1-Pn&1H#"
"clea.ollett@edu.tbz.ch"|"%MMX3X-3LzSmG-FoZrLC"
"leandre.mcgavin@edu.tbz.ch"|"$KATw0-689L##-3n7GH4"
"cecile.behne@edu.tbz.ch"|"%0HYPe-iTkwPe-kWECaq"
"melanie.polle@edu.tbz.ch"|"F9n2%4-r5mp97-DuzwoZ"
"marie-josee.titmuss@edu.tbz.ch"|"dVqlWM-Xh%8iq-JxFL0@"
"helena.guest@edu.tbz.ch"|"C5sUjP-Rmb#p7-PAU2oJ"
"annotes.chicchetto@edu.tbz.ch"|"sCgKq$-Wbl@ID-RwlDk3"
"melia.tubb@edu.tbz.ch"|"vOeG%Y-Z$M7EM-V$irxo"
"angelique.casetti@edu.tbz.ch"|"$JWS09-ww0P$i-4j&%XA"
"cunegonde.cleall@edu.tbz.ch"|"apN85I-1A2YCM-Xgsm$C"
"camelia.oaker@edu.tbz.ch"|"lSaflI-3MCJix-zeiO4P"
"you.searight@edu.tbz.ch"|"8D3pvP-VRlfVo-80E1Wn"
"kevina.dederick@edu.tbz.ch"|"czy3uN-59fJOM-sBq3LP"
"milena.jeffrey@edu.tbz.ch"|"#7LPDQ-ORY1i&-8ioOwO"
"melodie.barkshire@edu.tbz.ch"|"klY945-&yhGzT-Fl@fjs"
"gaelle.kreutzer@edu.tbz.ch"|"4ptnOg-kaDU5O-Za##2k"
"kalliste.kleinpeltz@edu.tbz.ch"|"UdVl8a-nJ2OQZ-88Z0sj"
"clementine.danat@edu.tbz.ch"|"th&w24-it6BgL-@Oqw9x"
"andrea.wabb@edu.tbz.ch"|"TUD6Ra-2eyTRV-cd6TMu"
"geraldine.piesold@edu.tbz.ch"|"%5%Z9S-2t@bw#-g@Fz3m"
"tan.fiveash@edu.tbz.ch"|"1nfMJU-hx0olF-Dn7tyX"
"meline.yuranovev@edu.tbz.ch"|"kiWdcf-mmdTbH-A7kAWU"
"therese.holme@edu.tbz.ch"|"RtsDnh-y1xmDn-1Dv@bB"
"salome.vaney@edu.tbz.ch"|"@%gJL&-E$uzZv-NQSMdK"
"anae.abramson@edu.tbz.ch"|"YTtQMY-s7iyVP-rauSF&"
"kalliste.jimson@edu.tbz.ch"|"7mJqnl-$ucPHi-E@71&N"
"selene.yole@edu.tbz.ch"|"GTCOTw-M47@LC-kokP2q"
"agnes.defraine@edu.tbz.ch"|"om6UHo-zrou4@-&7$%4p"
"faites.mccluin@edu.tbz.ch"|"V0LENE-Y8kiMl-4LThzp"
"athena.deme@edu.tbz.ch"|"RhpALC-Niwqlg-WgJ%w3"
"daphnee.brigstock@edu.tbz.ch"|"RIoG4F-D89DG3-5mFnQn"
"goesta.skaif@edu.tbz.ch"|"aVPVPM-NAa&3W-03ioGW"
"oceane.jagoe@edu.tbz.ch"|"ErumxJ-2MM##7-L&I6l2"
"annotes.broomhall@edu.tbz.ch"|"JAgEF%-zooUv3-J@UPRS"
"marie-eve.ballendine@edu.tbz.ch"|"BxPE@M-Ln6z5W-M&&EoT"
"melina.spykings@edu.tbz.ch"|"#%cpmd-USqqUE-Q8m6wF"
"laurene.ticehurst@edu.tbz.ch"|"zjMc8Y-HVWgMw-%xKGG@"
"fei.avramovic@edu.tbz.ch"|"r%zhNJ-cs@ZbL-VyDiwQ"
"publicite.strathearn@edu.tbz.ch"|"y15VRr-nevZhT-5O#tDa"
"torbjoern.garrow@edu.tbz.ch"|"1R5psL-&MDi@@-H%xQ4k"
"chloe.rubinsztein@edu.tbz.ch"|"t9VHwj-kQvg%4-S63ZkC"
"mylene.demanche@edu.tbz.ch"|"UrX1lX-ee#iKW-#faCXt"
"mediamass.godlonton@edu.tbz.ch"|"tzg2Pl-$Z1Aza-NV#KSZ"
"renee.shurrocks@edu.tbz.ch"|"XWPQkJ-60Z@Jo-tEF2ys"
"maiwenn.jedras@edu.tbz.ch"|"#wf1eL-lTmibD-2cg4P0"
"genevieve.castells@edu.tbz.ch"|"haq3wY-#WKeDT-hE5Lfp"
"renee.sneden@edu.tbz.ch"|"6Xp$x@-F56IC@-I&DjnK"
"lai.mccallion@edu.tbz.ch"|"eAqoCM-B9CN@Y-ugq%5y"
"kevina.impleton@edu.tbz.ch"|"JXpmtz-&0iL8y-n7zUO9"
"oesten.fresson@edu.tbz.ch"|"sPoVuy-veB@u&-foGfd%"
"verane.shawley@edu.tbz.ch"|"5oLhIu-4Mu%LI-q%vmjX"
"uo.sjostrom@edu.tbz.ch"|"dYtWL&-BRQ%Xd-Opjf#p"
"gisele.gothup@edu.tbz.ch"|"wTB@AW-0mFm27-ug$5y0"
"renee.beauman@edu.tbz.ch"|"yI&$jw-vRIrV0-JC5@$1"
"elies.loton@edu.tbz.ch"|"DiHtOE-Lq3FMA-boXvop"
"valerie.elsmore@edu.tbz.ch"|"C&mA93-qoq$SL-pS&T&6"
"berangere.delafeld@edu.tbz.ch"|"vXKKBg-vmamGP-U%T&bF"
"bjoern.schimke@edu.tbz.ch"|"XmZQt2-rnwGho-bkuray"
"loic.ericssen@edu.tbz.ch"|"wfB$kD-VTTETQ-3MsJHa"
"creez.richarz@edu.tbz.ch"|"sLzk%U-eR#zZc-Lc%w7K"
"athena.grocott@edu.tbz.ch"|"&DxQWS-LGqCF%-ahm@hR"
"naelle.piotr@edu.tbz.ch"|"vitK6J-myhR#K-kDZG24"
"maella.paulson@edu.tbz.ch"|"ReD7o1-IM1Wyb-q2ZR$M"
"song.perot@edu.tbz.ch"|"mV2tfA-VUbyUQ-5&fF9e"
"kalliste.heckney@edu.tbz.ch"|"G%U2BN-QJSvls-5EMGoj"
"ake.vasyutkin@edu.tbz.ch"|"dEqIiV-GpL9zm-AE4$l6"
"ma.castles@edu.tbz.ch"|"BC@ZY3-lOKyOw-RNyRYC"
"maely.monget@edu.tbz.ch"|"VfO5$Q-qDk2$Y-MNDgxC"
"tang.durbridge@edu.tbz.ch"|"hRgH@a-Jdjz6X-jmszjj"
"laurene.andrew@edu.tbz.ch"|"$GB0OL-Dk$hVO-r5dtI0"
"lysea.beacon@edu.tbz.ch"|"q0gqW8-ePIHm@-3RXiFF"
"leandre.peyntue@edu.tbz.ch"|"L776Vv-ou9kEj-XH3j@r"
"rao.trever@edu.tbz.ch"|"YVKVbL-qhVDwu-mTwjuC"
"mahelie.streader@edu.tbz.ch"|"04s0Ea-wt3Mi5-7knd1L"
"maerta.andrejevic@edu.tbz.ch"|"1tl3@A-HVqfOQ-JMUU2$"
"goesta.tompkins@edu.tbz.ch"|"V$7Cq0-ilAPTC-udP5s7"
"helena.agates@edu.tbz.ch"|"cEgJwh-5AJOdi-LAp8Dr"
"therese.glass@edu.tbz.ch"|"mcSEJb-BiRlYN-$80M47"
"alois.foan@edu.tbz.ch"|"fAw2c4-yTXJq4-LIWn3K"
"becassine.melchior@edu.tbz.ch"|"oJlGQR-t06y0S-uK%69g"
"cloe.robart@edu.tbz.ch"|"Vnbh0r-8xf9vt-ZN0zGI"
"daniele.puckinghorne@edu.tbz.ch"|"itTwu9-d7RFHj-Ji#gw7"
"selene.cammidge@edu.tbz.ch"|"%xsG8M-Wi%EgU-OfsnQS"
"regine.conochie@edu.tbz.ch"|"F1AgkN-PPK%wW-YubEow"
"interessant.tuiller@edu.tbz.ch"|"KN2YXw-0pi%VX-AT4@ZE"
"long.tiebe@edu.tbz.ch"|"UqUf62-1wtP6z-nZxQZy"
"mans.yele@edu.tbz.ch"|"e4PF$W-uE6jNp-RKJ20H"
"ai.giles@edu.tbz.ch"|"sZHJyL-tKT%@J-49G1PW"
"gaetane.hamberston@edu.tbz.ch"|"n2PgOm-7Y0Oma-As3FDI"
"marylene.fenix@edu.tbz.ch"|"Mcc6Uj-tUjDF$-Me@cIp"
"geraldine.graeme@edu.tbz.ch"|"ASVnsk-XxQMnM-tze32V"
"tang.kinglake@edu.tbz.ch"|"piH3rL-@oi$4y-yu5IgF"
"lai.challoner@edu.tbz.ch"|"ED0%o2-ySyL1@-#tibxC"
"desiree.mattei@edu.tbz.ch"|"pHD4x0-ETn#oS-sUV@Wt"
"ake.erley@edu.tbz.ch"|"gKu4KE-X5IpQt-4ScGdA"
"edmee.cavil@edu.tbz.ch"|"&yx$dA-x4V1iq-Z1VseS"
"alois.moyes@edu.tbz.ch"|"9BFHWi-&$wAC0-y2hDZh"
"becassine.pitman@edu.tbz.ch"|"fBlXg8-N&eZjM-0skT0P"
"ai.giacovelli@edu.tbz.ch"|"dkOtQU-ApUKJ5-l5HFfg"
"judicael.fruchter@edu.tbz.ch"|"nJ9pGh-XeZ$xw-HBwkDq"
"mans.mogg@edu.tbz.ch"|"z2heuI-JQg92b-cJjwr%"
"gerald.foyle@edu.tbz.ch"|"UEaBzi-uXOInA-ZxDY69"
"wa.androletti@edu.tbz.ch"|"nBGS&l-ZPMAiT-X0VIB5"
"meng.ollett@edu.tbz.ch"|"pb413k-yjVVg7-ACq%8#"
"naelle.macmenamy@edu.tbz.ch"|"nc2m6l-NIIl1D-Pc#Ie9"
"gisele.mcramsey@edu.tbz.ch"|"RX3%v4-&ygnZh-0sypOC"
"meryl.scolts@edu.tbz.ch"|"@Ddt1g-XCYGiU-Y1eeQX"
"celia.bloxsome@edu.tbz.ch"|"Mu@gTI-g8F&6e-JK2QA$"
"styrbjoern.stuke@edu.tbz.ch"|"%jEp8R-P&g5CX-s4BzcO"
"felicie.gwilliam@edu.tbz.ch"|"1lQ%5X-W&DjM8-0j@qPo"
"da.harms@edu.tbz.ch"|"LoS8ad-C0JCdg-W$TmIX"
"celestine.baulk@edu.tbz.ch"|"78SKwk-6%7g2C-VVMGiZ"
"mahelie.blackledge@edu.tbz.ch"|"tIWbs0-XAXkHt-VmtwbC"
"meghane.salt@edu.tbz.ch"|"gh@tuF-ZPi5#S-%4#PAh"
"methode.paxeford@edu.tbz.ch"|"Y0Rqew-gqPbGg-B8RL3s"
"asloeg.milligan@edu.tbz.ch"|"5%dTER-mpg94q-ABn2Ak"
"you.pellman@edu.tbz.ch"|"HQvg5L-bOOZ#l-u&tqX9"
"loic.regenhardt@edu.tbz.ch"|"ClE9ds-fIHtbG-t$Ws#N"
"daniele.savill@edu.tbz.ch"|"T3lmBC-FUz3z2-o%Hc1C"
"alois.cornu@edu.tbz.ch"|"Y5lKr1-#cqFL7-$khbXE"
"oesten.govey@edu.tbz.ch"|"5n%t9o-ZQLwPr-8r#Cmq"
"marie-eve.louch@edu.tbz.ch"|"%&7&&y-&D5rtD-yCFMpX"
"theresa.wenn@edu.tbz.ch"|"WN6V4F-dEu3EK-zmY7Nm"
"andree.eul@edu.tbz.ch"|"m328$u-qzALgB-xa6C%#"
"lie.paynton@edu.tbz.ch"|"9N7&NI-RXvvpf-vCW#SK"
"marie-eve.girodier@edu.tbz.ch"|"%jwVgV-tase9$-#QWu6g"
"marie-noel.smithe@edu.tbz.ch"|"&OIMz6-fVd3Ly-gwllfo"
"men.bootyman@edu.tbz.ch"|"Z9jCTw-HGG3KI-fH%K#p"
"ku.sugg@edu.tbz.ch"|"M1XTWz-0iKbTc-qGw7Zm"
"lucrece.roseman@edu.tbz.ch"|"q@OYLY-1aylr%-tJva$V"
"zoe.annear@edu.tbz.ch"|"fQy#E$-e5BqeZ-3A19oG"
"marie-helene.rennebach@edu.tbz.ch"|"p8Cqpk-ecJs6@-vfYEOd"
"lea.djurdjevic@edu.tbz.ch"|"pUrcAS-f9IB8g-$A$QT%"
"goerel.robert@edu.tbz.ch"|"LPFDn8-dpJV0D-y8BlI3"
"mylene.foldes@edu.tbz.ch"|"f3B%4o-p#71JK-MocK$I"
"faites.clegg@edu.tbz.ch"|"n4WNlK-%UnIJY-pEC1Q7"
"marylene.crowcher@edu.tbz.ch"|"kBbNQI-909XHc-7VBu5K"
"aimee.wimpeney@edu.tbz.ch"|"mhC5qQ-gFBAOA-Vad4%Y"
"renee.atkins@edu.tbz.ch"|"v8@atU-&bCr5O-7ONxUA"
"rejane.cainey@edu.tbz.ch"|"d1LG2i-au%e3t-Hcky8I"
"solene.britney@edu.tbz.ch"|"YtoUO%-&Eerp2-W6#Rw8"
"marten.shatliffe@edu.tbz.ch"|"jWnRbJ-z9RVRO-A5QSTE"
"maite.issatt@edu.tbz.ch"|"ZgUwu5-FISCnv-N70J&g"
"maelyss.edon@edu.tbz.ch"|"3a4Bur-Jtz50x-vNs8k8"
"nuo.bamling@edu.tbz.ch"|"JAlIRb-XpMu%c-SGxcd1"
"anais.edards@edu.tbz.ch"|"qqDR9d-mQHder-A$7jDI"
"mediamass.bromet@edu.tbz.ch"|"u8CQcP-vMJj@t-7SPKs9"
"beatrice.kimbrey@edu.tbz.ch"|"XMsL@N-4rtLGs-uG0QN1"
"ines.lawranson@edu.tbz.ch"|"Vgj2i@-QxPWVe-%Vs$ML"
"kalliste.scandroot@edu.tbz.ch"|"D&dkLT-OuTcE8-gC7RNw"
"mans.barrowcliffe@edu.tbz.ch"|"BpH7fZ-hpViZw-TbgUhz"
"irene.couves@edu.tbz.ch"|"BpLIzo-Z5fvde-H3AxIj"
"milena.mucci@edu.tbz.ch"|"EkUqDv-DsQl6C-2b5TB0"
"naeva.cow@edu.tbz.ch"|"kAQjsn-chmHe#-Dr7A5j"
"audreanne.mournian@edu.tbz.ch"|"zRHXCo-RWBeFi-C3zEqS"
"melia.sinnatt@edu.tbz.ch"|"OLkPKM-ABq$k2-3FUwxR"
"nelie.burnard@edu.tbz.ch"|"#mDUAV-mJVvGb-NWqjTp"
"clelia.ashfull@edu.tbz.ch"|"eBhoOQ-&uISIr-LybYG2"
"lie.macard@edu.tbz.ch"|"Re94PS-qkwS2S-%Wt#4R"
"valerie.matoshin@edu.tbz.ch"|"Sf86M0-2KJpzV-q&OZvI"
"anael.hatherleigh@edu.tbz.ch"|"@28IhD-29Jyit-lDg@RW"
"interessant.warratt@edu.tbz.ch"|"R1G7ke-7FKfYv-FhD@La"
"eleonore.volage@edu.tbz.ch"|"ww&aCd-c8%5u1-$aNz8U"
"zoe.stebbing@edu.tbz.ch"|"vJqyhs-MDhP4a-X@w%lP"
"alizee.nye@edu.tbz.ch"|"QSYL2H-QE7g%d-skhmAi"
"celestine.bramley@edu.tbz.ch"|"IBOwEd-1D8YWM-9tbLZ$"
"selene.philcott@edu.tbz.ch"|"l$DBz%-Le4t9K-gv5Mn#"
"tang.newens@edu.tbz.ch"|"PRamHg-J1t%b@-Ba63Cr"
"annotes.powys@edu.tbz.ch"|"jDXU$e-#wNY$f-s9JFIL"
"lea.matthesius@edu.tbz.ch"|"Lk7dgm-vJ8crm-&HNHrs"
"illustree.garlett@edu.tbz.ch"|"JXZKhA-LD&MIq-@@X3UV"
"maiwenn.meachem@edu.tbz.ch"|"Nbf06v-6GZa$H-foGzaO"
"marie-francoise.mcbrady@edu.tbz.ch"|"u8TryL-IO3EGI-5&rT7M"
"illustree.gimbart@edu.tbz.ch"|"lBpf9s-6uw8X%-6dlizt"
"melys.lyosik@edu.tbz.ch"|"VdNjW1-IkPzny-WYZaeq"
"marylene.mcnab@edu.tbz.ch"|"KbqR0m-nNNi2n-k6eK4o"
"gerald.blount@edu.tbz.ch"|"zEJg68-g07Fps-jI#c9x"
"clelia.shakelade@edu.tbz.ch"|"oRfBXd-%hBvR4-b66QGE"
"penelope.cridlin@edu.tbz.ch"|"7x9ZTR-Uqwwvg-zLEeq%"
"maena.okuddyhy@edu.tbz.ch"|"5dAGnB-8qVwzi-E2vc8T"
"athena.keynd@edu.tbz.ch"|"0TUkyP-Hck9zz-ZOI06s"
"cloe.dwine@edu.tbz.ch"|"#mTkQV-dJaDy6-bmrRfT"
"josephine.browett@edu.tbz.ch"|"8aatZp-d%Fo9$-McZM1D"
"audreanne.oscanlon@edu.tbz.ch"|"v#7Sxs-cnDe%r-QMGO7$"
"fei.jeanequin@edu.tbz.ch"|"uFRZPa-AbL@sL-S$Cq7S"
"lois.gormally@edu.tbz.ch"|"WGeBe@-9Y6ToV-%y6#32"
"marie-francoise.finnigan@edu.tbz.ch"|"eTPaey-Ko%LZg-TDQPEy"
"leonore.trussman@edu.tbz.ch"|"rC3ofD-4q7Jez-YYFAA@"
"anaelle.trumper@edu.tbz.ch"|"Z4Qz7O-bEvJiu-1E6C76"
"clemence.dionis@edu.tbz.ch"|"b@0qd7-QJL%8c-4gW$Dm"
"lois.tranmer@edu.tbz.ch"|"tGx8yR-iANil7-73K0H3"
"interessant.volett@edu.tbz.ch"|"xfbzCo-9qbZyW-&Ybfum"
"personnalisee.deackes@edu.tbz.ch"|"w1%SQr-JD79f1-Ftm0Li"
"lie.vasiliu@edu.tbz.ch"|"aqvESr-LdcSXP-Xe1nar"
"dafnee.lamputt@edu.tbz.ch"|"Bt%EwY-IHr6N0-@7$CZ5"
"elies.bromige@edu.tbz.ch"|"7a#&Pf-0wOL%K-2$hI7f"
"helena.klosser@edu.tbz.ch"|"8wLYNp-9k7WnB-YtL93B"
"andree.grim@edu.tbz.ch"|"etZP$e-cWvhBp-G#kv#h"
"verane.coldbath@edu.tbz.ch"|"&AArBv-vr5xO1-NSBgh%"
"helena.bethell@edu.tbz.ch"|"I2UA2y-KSTccO-jH8N%d"
"kalliste.carefull@edu.tbz.ch"|"NlJypm-wU3PH4-$kkpt8"
"regine.odams@edu.tbz.ch"|"ojMADZ-K96Ljp-CaaERg"
"len.stannus@edu.tbz.ch"|"0B1nvn-hgq0tX-SlcCPh"
"angelique.works@edu.tbz.ch"|"upFkxY-91rfnA-dTiVBQ"
"goesta.rheaume@edu.tbz.ch"|"VoFVwb-DWOuSz-lzUxzy"
"maelys.tynnan@edu.tbz.ch"|"f1GXvs-#pbZMe-h9fp6t"
"maelle.carlesi@edu.tbz.ch"|"1fQ50G-dJAIud-lY9LOU"
"anael.spurden@edu.tbz.ch"|"h3ITMp-xO5Uab-PEjWFm"
"helene.pumfrett@edu.tbz.ch"|"Ax@vk5-ehqTKj-C$bhLo"
"goerel.pearn@edu.tbz.ch"|"MD2@BF-zXvz9B-SzQctg"
"laurelie.dezamora@edu.tbz.ch"|"ox7Ts#-o3lnB1-yXFjRm"
"yao.twidale@edu.tbz.ch"|"1dXX6n-epzy9I-ww6U1K"
"berengere.sola@edu.tbz.ch"|"AmlMar-tzQ7#%-MFBelj"
"maelann.hardistry@edu.tbz.ch"|"7gPpOi-Jj$B2b-Po177b"
"severine.littlefield@edu.tbz.ch"|"nRSmkm-Kk3ptu-Irnv3A"
"salome.heinl@edu.tbz.ch"|"d2TY5d-JYFQfa-QUaT#s"
"meryl.warbey@edu.tbz.ch"|"CXbeUn-SZJSW9-VnROGT"
"da.hunstone@edu.tbz.ch"|"6Gxwxt-%xch#s-Xj#LLQ"
"venus.broadbury@edu.tbz.ch"|"mSpd#1-IHbbiI-XGCup%"
"meghane.rentelll@edu.tbz.ch"|"T7MgeF-G@#V1F-Wo@ohB"
"marylene.drewitt@edu.tbz.ch"|"a0pz5%-pt&VUN-ocoY%n"
"melinda.jacquemet@edu.tbz.ch"|"T2zaM&-0CjvqE-u2GIbW"
"marie-josee.keyden@edu.tbz.ch"|"diTPwe-4jxSnt-QNwSRe"
"asloeg.montacute@edu.tbz.ch"|"%$F#3u-WqV1st-Rw11JV"
"ku.andreou@edu.tbz.ch"|"KbYhZY-5ccerS-Xw%Va4"
"personnalisee.feaveer@edu.tbz.ch"|"GN#5@4-XsON5p-jj0rZa"
"laila.emptage@edu.tbz.ch"|"th8m5b-LGenOh-DRgSd%"
"bjoern.dawdry@edu.tbz.ch"|"qk2Lz@-Unk7gJ-LxcZ%$"
"marie-eve.dinsell@edu.tbz.ch"|"j%JrDb-DjhqHr-hgTNA$"
"helene.follett@edu.tbz.ch"|"dSsTvr-@20g$@-xukU@f"
"penelope.cordero@edu.tbz.ch"|"4Xm$sc-JlYBZa-o6YqPA"
"boerje.beedell@edu.tbz.ch"|"Uz7$Ym-WSh7lX-@HmnV#"
"nelie.ferne@edu.tbz.ch"|"hQ0%nu-IuIO7D-dUwVuj"
"celine.ahmed@edu.tbz.ch"|"#Iafmb-QbPvAL-B5Or#o"
"stevina.pimblett@edu.tbz.ch"|"ISGzl$-CzNKfz-4Ed8EO"
"chloe.langlands@edu.tbz.ch"|"dBrJ#s-ooIPXk-pIVy$5"
"simplifies.maude@edu.tbz.ch"|"ik5Mjj-&k6vXy-DLFnJI"
"genevieve.decarteret@edu.tbz.ch"|"jSVB49-mFHL2C-o2sAs8"
"marylene.mughal@edu.tbz.ch"|"pgAcsA-6ZJF#6-4UEfc9"
"goeran.guttridge@edu.tbz.ch"|"LkPCA%-wq@NQV-Qw9LwT"
"michele.smurfitt@edu.tbz.ch"|"%YYdjG-XBCdx%-eBtM60"
"methode.hadeke@edu.tbz.ch"|"r78xQu-SgHh20-8sbB%N"
"therese.rispine@edu.tbz.ch"|"2opaCx-%tzknF-u@9ytd"
"goerel.plumley@edu.tbz.ch"|"q#$P9#-rE@OA8-USZ5im"
"oceane.friett@edu.tbz.ch"|"mt%TQi-VFn@7T-VOsUWf"
"marie-noel.achromov@edu.tbz.ch"|"p6Yh6T-&kwXBw-zNNSl&"
"dorothee.storek@edu.tbz.ch"|"2ITjx%-vaPRD@-RJULqk"
"goesta.whittle@edu.tbz.ch"|"6UT$uU-rgqncI-CWR51t"
"desiree.casely@edu.tbz.ch"|"KpaIBP-2lBb@c-W22@1I"
"felicie.condon@edu.tbz.ch"|"0q4Ie3-1XoYN&-2B$5KO"
"maelyss.frisdick@edu.tbz.ch"|"5w5kvG-jkgJcC-omB@5U"
"aimee.banke@edu.tbz.ch"|"ECkG4m-dV5z7d-cFxvR3"
"naeva.hodcroft@edu.tbz.ch"|"5i8sOm-4dx$gp-XHF@ku"
"laila.gerrans@edu.tbz.ch"|"KT3YD2-NvNh3E-v&bSrU"
"daniele.scrimshire@edu.tbz.ch"|"a2UqRz-kWF2vO-do1Ff5"
"daphnee.sheerin@edu.tbz.ch"|"MztHvD-PSF3Rn-Gr60hy"
"pal.vanyukov@edu.tbz.ch"|"l2vnyo-uQai$v-mm%mBQ"
"zoe.childs@edu.tbz.ch"|"nOm0IB-ZxNcFy-TqLGS%"
"ai.corde@edu.tbz.ch"|"AA1ROY-6OaE#u-AJk#Fp"
"maelys.berryann@edu.tbz.ch"|"EDH9o1-gR$G8b-K$gyZz"
"cloe.gladding@edu.tbz.ch"|"#pX7vs-s&%9U%-HRss2N"
"wa.kinnaird@edu.tbz.ch"|"tgNYky-k##JJc-wPHayB"
"publicite.brittoner@edu.tbz.ch"|"mGh70%-afFZjP-O8yj1j"
"rao.windress@edu.tbz.ch"|"waTvHL-oyBGyx-UH@7JO"
"uo.kollach@edu.tbz.ch"|"AjBiz@-jcSQ6f-XMeDye"
"josee.peskett@edu.tbz.ch"|"O#ysyo-x$WCiz-Detdwh"
"annotee.hasel@edu.tbz.ch"|"AKrZFM-FnD104-xuDLzz"
"cinema.lee@edu.tbz.ch"|"euSI6v-p&eJEQ-VBOQpG"
"lai.vedeshkin@edu.tbz.ch"|"ggOrcz-UxdZYo-omB%RW"
"renee.brisbane@edu.tbz.ch"|"Cpj1#L-3GF#rh-MDeJcC"
"ophelie.blincoe@edu.tbz.ch"|"@4W2h%-UriuCf-vnmAeo"
"zhi.prazor@edu.tbz.ch"|"o%ih1E-KMFYb@-kDYzT3"
"annotee.maddicks@edu.tbz.ch"|"&N2bb5-i4qN3J-TAtkh2"
"maelyss.codd@edu.tbz.ch"|"q$wTLs-ULRY7%-rG&Ord"
"celia.peplay@edu.tbz.ch"|"Mvr$eZ-gfdU%L-wwDHPw"
"interessant.skone@edu.tbz.ch"|"W8#me%-IM09hv-VEoayc"
"audreanne.hebdon@edu.tbz.ch"|"fCLY9a-HfUg@h-Vu&Mj$"
"oceane.glen@edu.tbz.ch"|"ZmTMb6-q8pYa3-UkxosD"
"daniele.vanyushkin@edu.tbz.ch"|"EAUvpK-bfRLny-VmVROT"
"daphnee.ayce@edu.tbz.ch"|"kZ%sLL-8YXG$&-TXa@O3"
"andrea.attride@edu.tbz.ch"|"2WQatb-aznH@p-RaQTlQ"
"penelope.bridgwood@edu.tbz.ch"|"U%7nGi-rn@fVY-owCtA5"
"mailis.drewitt@edu.tbz.ch"|"hAb#y0-&OPlE#-yeATlq"
"penelope.mollene@edu.tbz.ch"|"ppmVg@-lMXlo3-B7KJHX"
"illustree.keely@edu.tbz.ch"|"99ja&o-GuhjuG-OCyXLo"
"meng.brisseau@edu.tbz.ch"|"vwFZ5n-XZFeQF-ahTffj"
"ruo.cleiment@edu.tbz.ch"|"UkbHoI-Mn9krT-4XoWXG"
"maite.krammer@edu.tbz.ch"|"9&VfGk-1kG9cv-iNKJBU"
"genevieve.verry@edu.tbz.ch"|"%FT5yV-%0UBhH-#lWl&n"
"lea.olochan@edu.tbz.ch"|"%70U7K-jbWwc1-KEfWz$"
"naelle.brunnen@edu.tbz.ch"|"vlVgsE-iv1b7L-CaW1Vb"
"goesta.bragginton@edu.tbz.ch"|"b@XatS-rURnvt-3i68Br"
"fei.danilyuk@edu.tbz.ch"|"zVkbJY-Rm4x@J-acLyoP"
"adelie.turbitt@edu.tbz.ch"|"YHOWkz-pjUW5N-tyAQU9"
"marylene.nutman@edu.tbz.ch"|"$6@Hy9-jYtJiz-wbqdxn"
"therese.barbrick@edu.tbz.ch"|"S#p9cH-abCt2o-qAMSgj"
"melys.kolodziej@edu.tbz.ch"|"0Mq75H-XPzyd9-V3i#aU"
"melanie.runchman@edu.tbz.ch"|"slV1FS-7sX3$3-rl4mfW"
"serena.lafond@edu.tbz.ch"|"fQMlfv-hBYQoZ-EhRSmF"
"pelagie.desmond@edu.tbz.ch"|"f%Z%Fm-7%kQ&4-uMSj3v"
"wa.spickett@edu.tbz.ch"|"Ue@a9o-WfLbgV-%UsT0m"
"po.shave@edu.tbz.ch"|"F6E%6n-vsZAzG-ztj5Gd"
"song.huikerby@edu.tbz.ch"|"9fomeO-iss5%&-%WdeF9"
"melinda.bimson@edu.tbz.ch"|"Km@vg2-QqHzi2-8u%zzL"
"personnalisee.toffanelli@edu.tbz.ch"|"lDU8z8-3AN3#F-XTP8c2"
"leandre.hurn@edu.tbz.ch"|"J$WI0@-BD9ZtG-mk4VS3"
"oesten.standell@edu.tbz.ch"|"NjCfe3-h#&&q&-UgQ%@4"
"naelle.smaleman@edu.tbz.ch"|"h8AlB3-cLEzaN-iiDaa&"
"berenice.tayt@edu.tbz.ch"|"fTVuyE-$&LJhJ-EBqQ9t"
"kui.popplewell@edu.tbz.ch"|"K&nVsQ-WEOWSf-GWqTAC"
"melodie.ferandez@edu.tbz.ch"|"TQnD5d-Qc#mqG-gzyMjx"
"josee.negal@edu.tbz.ch"|"3m#cBT-KQf8S5-5dLfb$"
"melissandre.ferrelli@edu.tbz.ch"|"4XF8Qv-vFsS6v-4@s3lH"
"josephine.kemmer@edu.tbz.ch"|"YTpU1p-361nQe-89@Xmt"
"maely.cayette@edu.tbz.ch"|"#DhaNn-hRXExl-qLoQXk"
"nelie.vela@edu.tbz.ch"|"HU0FOb-0EzGHJ-tItG9m"
"melina.cortes@edu.tbz.ch"|"oe26a$-3VRdHC-b2FE%X"
"megane.leyshon@edu.tbz.ch"|"oAg#7R-8n#Q#M-SNP5z8"
"regine.harrie@edu.tbz.ch"|"vDh60L-f7ufrQ-C9ZP4I"
"mylene.widdison@edu.tbz.ch"|"@diYx9-niv9@a-iQihLg"
"pelagie.vivash@edu.tbz.ch"|"F@xkFD-AeAVRM-H#Qw89"
"styrbjoern.vicarey@edu.tbz.ch"|"NWVOK9-1D0Lzd-sq2V1V"
"long.kyles@edu.tbz.ch"|"Jq9IcL-&qJ16s-bWndrh"
"stephanie.gipps@edu.tbz.ch"|"lXq0EK-9OAo#G-3tOh%3"
"clea.constantine@edu.tbz.ch"|"kt%$j6-y7K3zq-yR7Djz"
"maella.cometto@edu.tbz.ch"|"wTxdWy-6HtdFC-3chhY1"
"laila.aubrun@edu.tbz.ch"|"mhiBJh-Dv0Qyl-x#0ehF"
"yao.austins@edu.tbz.ch"|"Nvy47P-9KM2a0-rW8mdu"
"mailys.rylstone@edu.tbz.ch"|"rtUUmR-DkMa6$-l#PAfg"
"adelie.curuclis@edu.tbz.ch"|"%x2zhT-HM2rP8-g9bazW"
"celine.longhurst@edu.tbz.ch"|"UA%S31-NVElnt-k288oi"
"gisele.hazell@edu.tbz.ch"|"E$%5oy-#qVWMc-gxlp6s"
"celestine.ciccone@edu.tbz.ch"|"0M6y2g-4fJV76-r@@E8t"
"maelyss.doole@edu.tbz.ch"|"FV49Dl-KfieiS-N&IdRd"
"helene.grimsdike@edu.tbz.ch"|"bBC99f-9ZfAP@-dnQO2Y"
"lie.macer@edu.tbz.ch"|"4FguPD-G266Se-xu0vfm"
"maely.izard@edu.tbz.ch"|"xZVte2-3@njhG-aM0B%n"
"erwei.breewood@edu.tbz.ch"|"z8gDw7-WXaSpV-c0aJFb"
"chloe.woolford@edu.tbz.ch"|"wGU3br-4AM9QE-NWII2R"
"cleopatre.turpin@edu.tbz.ch"|"v122w7-ijo8i8-3GEGag"
"melodie.surgison@edu.tbz.ch"|"oAZb9R-kW9v#i-xM47z4"
"elies.leander@edu.tbz.ch"|"1%vBxS-s8vZ61-s6$%Aj"
"mediamass.reignould@edu.tbz.ch"|"iQIAqN-cWqP2B-DFz%0G"
"celestine.wasmuth@edu.tbz.ch"|"zX%Pbk-pZ3hGn-q3e54K"
"marten.jervis@edu.tbz.ch"|"xkn@Xn-sPOf8s-NuBP0i"
"daphnee.bour@edu.tbz.ch"|"nrOkbG-6Xe0#9-EwJ$Uf"
"regine.harlett@edu.tbz.ch"|"m0x&um-M@Vn2l-0$#YTN"
"noemie.macaskie@edu.tbz.ch"|"%Ism8U-ygQYuW-iyBZwG"
"loic.renfield@edu.tbz.ch"|"KJU6vn-hdZvIt-y60Ziy"
"venus.kleinert@edu.tbz.ch"|"1AIirn-PoOIL9-VjBieQ"
"marten.burlay@edu.tbz.ch"|"wnQx&Q-iBCZez-1YtDdT"
"berengere.radsdale@edu.tbz.ch"|"Za4JPv-yE6ecR-1YDuoT"
"genevieve.duckit@edu.tbz.ch"|"l8LCSh-9wyQha-TF8OpF"
"maely.ligerton@edu.tbz.ch"|"DJrhIF-vF%ndB-Sx4oJ7"
"maeline.ricciardelli@edu.tbz.ch"|"Jqkiz8-o9T$hp-r9gsy8"
"personnalisee.yggo@edu.tbz.ch"|"ZKI$8i-sl1YQ#-nWlHU3"
"alizee.pettinger@edu.tbz.ch"|"P1Y6a8-stnV@A-HsGwkA"
"desiree.curnnokk@edu.tbz.ch"|"23%EM6-%ORL16-PzMbUJ"
"dorothee.minors@edu.tbz.ch"|"Z#Njvn-8kYbv2-FYQEIr"
"oceanne.kopmann@edu.tbz.ch"|"jyETT#-UvhhCD-XXpoyx"
"almerinda.brodbin@edu.tbz.ch"|"uUR4pS-T0ZoTZ-Uj5Rb6"
"yenora.carsberg@edu.tbz.ch"|"qDEfGC-QnP7bz-TGhiMi"
"wa.beetles@edu.tbz.ch"|"ntntPC-Mc%@nq-dVyuUZ"
"audreanne.abbot@edu.tbz.ch"|"P0@5PA-ZN2tZk-SKSbJi"
"noemie.capper@edu.tbz.ch"|"R%le3@-fsnuVa-f6hFeG"
"mans.abramamov@edu.tbz.ch"|"mZ2qER-z6Voxn-@g4eqf"
"audreanne.blakey@edu.tbz.ch"|"nlWYRe-6dwN#I-tk0pgm"
"leone.klimpke@edu.tbz.ch"|"MGwLlc-gzjnCq-v2yPd3"
"lie.croston@edu.tbz.ch"|"HxwAIU-2jgXtY-B&Pq43"
"anaelle.baistow@edu.tbz.ch"|"ZpbGyA-jqZhzx-CNwBcq"
"michele.garwood@edu.tbz.ch"|"#KDF@O-lMe7hk-gAO&5l"
"interessant.albion@edu.tbz.ch"|"5Zd@Gc-dl1ofI-LQlUTn"
"andre.brisco@edu.tbz.ch"|"PQvBGG-NtfCiv-bZ7tc@"
"tang.totterdill@edu.tbz.ch"|"nhC%ls-G$BuLU-8FY0f%"
"marie-josee.braundt@edu.tbz.ch"|"2xDn@H-EmmgK1-WVyB9k"
"lois.galer@edu.tbz.ch"|"GXFVb5-XEmr1H-GMUq4v"
"faites.pellamonuten@edu.tbz.ch"|"Qh&PuE-kVV$6r-pYz1ex"
"mai.barfford@edu.tbz.ch"|"7jC@Ub-DWQnOy-#5$Uc3"
"laurene.macilory@edu.tbz.ch"|"$jWgDj-c0HLQ9-jY8ejg"
"elea.peak@edu.tbz.ch"|"xNSfyx-%UDTnk-YGoETc"
"rejane.doni@edu.tbz.ch"|"Oa@Nu4-c87cQz-&NwYs7"
"mahelie.ector@edu.tbz.ch"|"BHlHeo-owEvcx-zoc9An"
"rachele.allum@edu.tbz.ch"|"kxOW3N-jCQg1c-4CjZ#1"
"laila.gerretsen@edu.tbz.ch"|"U9VSuy-c1Oo7q-GhuVWQ"
"ines.bowman@edu.tbz.ch"|"da&UJ7-FZi0rM-fSikvE"
"publicite.barbary@edu.tbz.ch"|"TrrlvP-fJThJO-cRI7Rf"
"mailys.smooth@edu.tbz.ch"|"Sg9aLQ-kDc7K7-O&3e@Z"
"mailis.huguenet@edu.tbz.ch"|"ns2JV3-$Glf1n-0ggsqd"
"lea.ewer@edu.tbz.ch"|"piMELp-8pE$S1-i0XCRc"
